í≤ç∏îÕàÕ,óßñÿî‘çÜ,ãπçÇíºåa[cm],2cmäáñÒãπçÇíºåa[cm],é˜çÇ[m],ñÓçÇ[cm],çﬁêœ[m3],2cmäáñÒçﬁêœ[m3],ÉoÉCÉIÉ}ÉX[kg],ÉoÉCÉIÉ}ÉXÅi2cmäáñÒÅj[kg],é˜éÌ,ÉXÉeÅ[É^ÉX,ä‘î∞,Éå,ã´äEñÿ,èúäO,ÉtÉBÉãÉ^,ÉRÉÅÉìÉg,ä≤é¸[cm],Xç¿ïW[m],Yç¿ïW[m],Zç¿ïW[m],ID,åoìxÅiê¢äEë™ínånÅj,à‹ìxÅiê¢äEë™ínånÅj,ïΩX[m]Åiê¢äEë™ínånÅj,ïΩY[m]Åiê¢äEë™ínånÅj,åoìxÅiì˙ñ{ë™ínånÅj,à‹ìxÅiì˙ñ{ë™ínånÅj,ïΩX[m]Åiì˙ñ{ë™ínånÅj,ïΩY[m]Åiì˙ñ{ë™ínånÅj,é˜ä•îºåa[m],ä‘î∞óvî€
Åõ,1,19.7,18,4.5,0,0.0741,0.0622,35.8,30.06,ÉXÉM,ê∂óßñÿ,,,,,,,61.8,127.5,21.06,10.11,594,0,0,0,0,0,0,0,0,3.5,-
Åõ,2,20.9,20,4.7,0,0.0867,0.0796,41.87,38.45,ÉXÉM,ê∂óßñÿ,,,,,,,65.6,127.54,19.24,10.09,593,0,0,0,0,0,0,0,0,3.6,-
Åõ,3,56.6,56,5.2,0,0.5176,0.5088,249.9,245.63,ÉXÉM,ê∂óßñÿ,,,,,,,177.8,127.54,19.1,10.09,632,0,0,0,0,0,0,0,0,6.7,-
Åõ,4,19.1,18,1.2,0,0.0192,0.0171,9.29,8.28,ÉXÉM,ê∂óßñÿ,,,,,,,60,129.57,14.18,10.14,631,0,0,0,0,0,0,0,0,3.4,-
Åõ,5,21.4,20,6.2,0,0.1049,0.1043,50.68,50.38,ÉXÉM,ê∂óßñÿ,,,,,,,67.2,127.69,13.86,10.12,478,0,0,0,0,0,0,0,0,3.7,-
Åõ,6,34.4,34,6.5,0,0.257,0.2517,124.08,121.53,ÉXÉM,ê∂óßñÿ,,,,,,,108,130.43,12.48,10.09,638,0,0,0,0,0,0,0,0,4.9,-
Åõ,7,20.6,20,6.6,0,0.1174,0.1109,56.7,53.55,ÉXÉM,ê∂óßñÿ,,,,,,,64.7,128.95,12.4,10,590,0,0,0,0,0,0,0,0,3.6,-
Åõ,8,20.1,20,6.4,0,0.1086,0.1076,52.47,51.96,ÉXÉM,ê∂óßñÿ,,,,,,,63.1,127.44,12.36,10.16,574,0,0,0,0,0,0,0,0,3.6,-
Åõ,9,26.3,26,6.6,0,0.1621,0.1588,78.26,76.68,ÉXÉM,ê∂óßñÿ,,,,,,,82.6,127.57,9.59,10.02,475,0,0,0,0,0,0,0,0,4.2,-
Åõ,10,44.4,44,4.6,0,0.3082,0.3038,148.83,146.67,ÉXÉM,ê∂óßñÿ,,,,,,,139.4,127.51,9.38,9.99,572,0,0,0,0,0,0,0,0,5.8,-
Åõ,11,55.8,54,6.5,0,0.6361,0.6033,307.12,291.26,ÉXÉM,ê∂óßñÿ,,,,,,,175.3,127.76,8.09,10.05,628,0,0,0,0,0,0,0,0,6.6,-
Åõ,12,55.1,54,5.9,0,0.5642,0.5462,272.42,263.69,ÉXÉM,ê∂óßñÿ,,,,,,,173.1,127.68,7.81,10.05,473,0,0,0,0,0,0,0,0,6.6,-
Åõ,13,36.8,36,5.7,0,0.2512,0.2416,121.29,116.64,ÉXÉM,ê∂óßñÿ,,,,,,,115.6,127.72,6.55,10,444,0,0,0,0,0,0,0,0,5.1,-
Åõ,14,29.3,28,5.3,0,0.1547,0.1427,74.72,68.93,ÉXÉM,ê∂óßñÿ,,,,,,,92,127.71,5.8,10.03,517,0,0,0,0,0,0,0,0,4.5,-
Åõ,15,28.6,28,4.7,0,0.1301,0.1253,62.82,60.49,ÉXÉM,ê∂óßñÿ,,,,,,,89.8,127.79,4.53,10.53,516,0,0,0,0,0,0,0,0,4.4,-
Åõ,16,12.7,12,3.1,0,0.022,0.0197,10.65,9.54,ÉXÉM,ê∂óßñÿ,,,,,,,39.8,127.82,3.3,11.61,515,0,0,0,0,0,0,0,0,2.7,-
Åõ,17,91.2,90,3.8,0,0.8108,0.7937,391.48,383.18,ÉXÉM,ê∂óßñÿ,,,,,,,286.5,127.81,2.16,11.44,514,0,0,0,0,0,0,0,0,8.9,-
Åõ,18,109.9,108,6.1,0,1.7822,1.7327,860.42,836.51,ÉXÉM,ê∂óßñÿ,,,,,,,345.2,128.25,0.73,10.29,442,0,0,0,0,0,0,0,0,10,-
Åõ,19,104.2,104,9.7,0,2.633,2.6249,1271.17,1267.23,ÉXÉM,ê∂óßñÿ,,,,,,,327.3,128.06,-3.62,10.03,439,0,0,0,0,0,0,0,0,9.7,-
Åõ,20,20.5,20,1.2,0,0.022,0.021,10.65,10.16,ÉXÉM,ê∂óßñÿ,,,,,,,64.4,129.49,-5.65,9.85,588,0,0,0,0,0,0,0,0,3.6,-
Åõ,21,44.5,44,9.1,0,0.6234,0.6121,300.99,295.54,ÉXÉM,ê∂óßñÿ,,,,,,,139.8,128.14,-6.17,10.03,565,0,0,0,0,0,0,0,0,5.8,-
Åõ,22,39.1,38,6.2,0,0.3066,0.2914,148.02,140.69,ÉXÉM,ê∂óßñÿ,,,,,,,122.8,128.11,-8.62,10.04,561,0,0,0,0,0,0,0,0,5.3,-
Åõ,23,80.7,80,6.2,0,1.1001,1.0847,531.13,523.7,ÉXÉM,ê∂óßñÿ,,,,,,,253.5,127.69,-10.3,10.02,607,0,0,0,0,0,0,0,0,8.3,-
Åõ,24,33.1,32,6.2,0,0.2279,0.2147,110.07,103.65,ÉXÉM,ê∂óßñÿ,,,,,,,103.9,128.26,-10.33,10.04,557,0,0,0,0,0,0,0,0,4.8,-
Åõ,25,66.5,66,5.3,0,0.6849,0.6766,330.68,326.67,ÉXÉM,ê∂óßñÿ,,,,,,,208.9,128.44,-12.66,10.05,556,0,0,0,0,0,0,0,0,7.4,-
Åõ,26,34.4,34,5.1,0,0.1974,0.1934,95.33,93.37,ÉXÉM,ê∂óßñÿ,,,,,,,108,128.38,-14.17,10.16,605,0,0,0,0,0,0,0,0,4.9,-
Åõ,27,13.8,12,2.2,0,0.0185,0.0141,8.95,6.83,ÉXÉM,ê∂óßñÿ,,,,,,,43.3,127.43,-14.22,10.57,582,0,0,0,0,0,0,0,0,2.8,-
Åõ,28,48.8,48,7.7,0,0.6095,0.5935,294.29,286.54,ÉXÉM,ê∂óßñÿ,,,,,,,153.3,126.72,-8.55,9.95,560,0,0,0,0,0,0,0,0,6.1,-
Åõ,29,26.6,26,5.3,0,0.1303,0.1251,62.92,60.42,ÉXÉM,ê∂óßñÿ,,,,,,,83.5,126.79,5.73,10.03,627,0,0,0,0,0,0,0,0,4.2,-
Åõ,30,58.2,58,5.3,0,0.5521,0.5491,266.58,265.1,ÉXÉM,ê∂óßñÿ,,,,,,,182.8,124.33,-12.44,10.44,509,0,0,0,0,0,0,0,0,6.8,-
Åõ,31,26.4,26,4.9,0,0.118,0.1149,57.01,55.48,ÉXÉM,ê∂óßñÿ,,,,,,,82.9,124.96,-12.05,10.46,471,0,0,0,0,0,0,0,0,4.2,-
Åõ,32,37.1,36,6.2,0,0.2792,0.2647,134.82,127.8,ÉXÉM,ê∂óßñÿ,,,,,,,116.5,125.13,-11.53,9.89,510,0,0,0,0,0,0,0,0,5.2,-
Åõ,33,21,20,7,0,0.1158,0.1174,55.92,56.71,ÉXÉM,ê∂óßñÿ,,,,,,,65.9,126.59,-10.01,9.99,558,0,0,0,0,0,0,0,0,3.7,-
Åõ,34,15.9,14,1.9,0,0.0211,0.0165,10.2,7.97,ÉXÉM,ê∂óßñÿ,,,,,,,49.9,126.55,-7.39,9.95,586,0,0,0,0,0,0,0,0,3.1,-
Åõ,35,17.6,16,2,0,0.027,0.0224,13.05,10.85,ÉXÉM,ê∂óßñÿ,,,,,,,55.2,126.55,-6.19,9.93,564,0,0,0,0,0,0,0,0,3.3,-
Åõ,36,31.4,30,7.3,0,0.2479,0.2285,119.68,110.35,ÉXÉM,ê∂óßñÿ,,,,,,,98.6,126.55,-5.04,9.93,511,0,0,0,0,0,0,0,0,4.7,-
Åõ,37,58.1,58,8.1,0,0.8512,0.8488,410.96,409.82,ÉXÉM,ê∂óßñÿ,,,,,,,182.5,126.67,-3.81,9.98,566,0,0,0,0,0,0,0,0,6.8,-
Åõ,38,23.8,22,2,0,0.037,0.0322,17.9,15.57,ÉXÉM,ê∂óßñÿ,,,,,,,74.7,126.44,-2.66,9.98,519,0,0,0,0,0,0,0,0,3.9,-
Åõ,39,45.9,44,8,0,0.5742,0.5363,277.22,258.91,ÉXÉM,ê∂óßñÿ,,,,,,,144.1,126.52,-1.51,10.01,513,0,0,0,0,0,0,0,0,5.9,-
Åõ,40,4.6,4,1.9,0,0.0022,0.0017,1.08,0.82,ÉXÉM,ê∂óßñÿ,,,,,,,14.4,126.26,-0.29,10.05,520,0,0,0,0,0,0,0,0,1.4,-
Åõ,41,22.2,22,5,0,0.0887,0.0872,42.82,42.14,ÉXÉM,ê∂óßñÿ,,,,,,,69.7,125.09,0.7,10.28,522,0,0,0,0,0,0,0,0,3.8,-
Åõ,42,26.9,26,4.8,0,0.1193,0.1123,57.64,54.25,ÉXÉM,ê∂óßñÿ,,,,,,,84.5,126.33,0.86,10.53,521,0,0,0,0,0,0,0,0,4.2,-
Åõ,43,40.4,40,6.5,0,0.342,0.336,165.15,162.25,ÉXÉM,ê∂óßñÿ,,,,,,,126.9,124.46,0.8,10.12,441,0,0,0,0,0,0,0,0,5.4,-
Åõ,44,19.2,18,5.2,0,0.0812,0.0717,39.22,34.61,ÉXÉM,ê∂óßñÿ,,,,,,,60.3,124.96,5.63,10.2,571,0,0,0,0,0,0,0,0,3.5,-
Åõ,45,38.4,38,6.4,0,0.3073,0.3016,148.37,145.63,ÉXÉM,ê∂óßñÿ,,,,,,,120.6,126.21,5.73,10.19,523,0,0,0,0,0,0,0,0,5.3,-
Åõ,46,45.3,44,6.4,0,0.447,0.4264,215.81,205.89,ÉXÉM,ê∂óßñÿ,,,,,,,142.3,124.31,5.66,10.1,445,0,0,0,0,0,0,0,0,5.8,-
Åõ,47,20.2,20,1.9,0,0.0335,0.0329,16.21,15.9,ÉXÉM,ê∂óßñÿ,,,,,,,63.4,126.11,6.8,10.15,518,0,0,0,0,0,0,0,0,3.6,-
Åõ,48,18.3,18,1.9,0,0.0277,0.0268,13.39,12.97,ÉXÉM,ê∂óßñÿ,,,,,,,57.4,126.05,7.88,10.12,474,0,0,0,0,0,0,0,0,3.4,-
Åõ,49,24.5,24,2.1,0,0.0411,0.0397,19.88,19.16,ÉXÉM,ê∂óßñÿ,,,,,,,76.9,126.14,9.07,9.97,573,0,0,0,0,0,0,0,0,4,-
Åõ,50,27.4,26,6.8,0,0.1801,0.164,86.96,79.21,ÉXÉM,ê∂óßñÿ,,,,,,,86,126.04,10.12,9.98,476,0,0,0,0,0,0,0,0,4.3,-
Åõ,51,41.5,40,7.6,0,0.4628,0.3983,223.47,192.29,ÉXÉM,ê∂óßñÿ,,,,,,,130.3,125.97,11.17,10.31,575,0,0,0,0,0,0,0,0,5.5,-
Åõ,52,57.2,56,7.7,0,0.7879,0.7614,380.42,367.6,ÉXÉM,ê∂óßñÿ,,,,,,,179.6,126.05,12.42,10.21,477,0,0,0,0,0,0,0,0,6.7,-
Åõ,53,33.9,32,7.2,0,0.2798,0.2525,135.1,121.93,ÉXÉM,ê∂óßñÿ,,,,,,,106.4,125.98,13.82,9.87,576,0,0,0,0,0,0,0,0,4.9,-
Åõ,54,69.2,68,7.8,0,1.0862,1.056,524.43,509.81,ÉXÉM,ê∂óßñÿ,,,,,,,217.3,125.94,13.83,10.11,613,0,0,0,0,0,0,0,0,7.6,-
Åõ,55,25.8,24,6.3,0,0.1489,0.1309,71.91,63.23,ÉXÉM,ê∂óßñÿ,,,,,,,81,126.82,13.94,10.1,592,0,0,0,0,0,0,0,0,4.1,-
Åõ,56,19.6,18,4.4,0,0.0718,0.0609,34.68,29.41,ÉXÉM,ê∂óßñÿ,,,,,,,61.5,125.73,19.14,10.11,614,0,0,0,0,0,0,0,0,3.5,-
Åõ,57,16.5,16,4.5,0,0.0526,0.0495,25.41,23.94,ÉXÉM,ê∂óßñÿ,,,,,,,51.8,125.85,19.14,9.97,480,0,0,0,0,0,0,0,0,3.2,-
Åõ,58,16.3,16,2.3,0,0.0267,0.0257,12.89,12.44,ÉXÉM,ê∂óßñÿ,,,,,,,51.2,125.68,20.99,10.05,595,0,0,0,0,0,0,0,0,3.1,-
Åõ,59,118.9,118,7.4,0,2.4681,2.438,1191.57,1177.03,ÉXÉM,ê∂óßñÿ,,,,,,,373.5,121.27,19.42,9.99,617,0,0,0,0,0,0,0,0,10.5,-
Åõ,60,10.1,10,2.2,0,0.0116,0.0114,5.64,5.54,ÉXÉM,ê∂óßñÿ,,,,,,,31.7,123.39,-2.39,9.54,512,0,0,0,0,0,0,0,0,2.3,-
Åõ,61,6.6,6,2.1,0,0.0049,0.0041,2.38,1.98,ÉXÉM,ê∂óßñÿ,,,,,,,20.7,123.72,-3.08,9.51,568,0,0,0,0,0,0,0,0,1.8,-
Åõ,62,32.8,32,4.3,0,0.1507,0.1442,72.77,69.64,ÉXÉM,ê∂óßñÿ,,,,,,,103,121.38,-11.43,9.93,555,0,0,0,0,0,0,0,0,4.8,-
Åõ,63,24.2,24,5.5,0,0.1146,0.113,55.37,54.56,ÉXÉM,ê∂óßñÿ,,,,,,,76,122.2,-12.07,9.91,604,0,0,0,0,0,0,0,0,4,-
Åõ,64,34.3,34,5.6,0,0.2174,0.2141,104.99,103.36,ÉXÉM,ê∂óßñÿ,,,,,,,107.7,121.37,-12.18,10.03,470,0,0,0,0,0,0,0,0,4.9,-
Åõ,65,6.7,6,3.1,0,0.0071,0.0058,3.47,2.8,ÉXÉM,ê∂óßñÿ,,,,,,,21,121.42,-13.2,10.18,581,0,0,0,0,0,0,0,0,1.8,-
Åõ,66,22.3,22,5.3,0,0.0952,0.0929,45.99,44.89,ÉXÉM,ê∂óßñÿ,,,,,,,70,121.35,-14.2,10.02,508,0,0,0,0,0,0,0,0,3.8,-
Åõ,67,116.9,116,7.5,0,2.4347,2.4045,1175.44,1160.85,ÉXÉM,ê∂óßñÿ,,,,,,,367.2,120.73,-14.82,10,579,0,0,0,0,0,0,0,0,10.4,-
Åõ,68,101.6,100,5.5,0,1.4114,1.3757,681.42,664.16,ÉXÉM,ê∂óßñÿ,,,,,,,319.1,119.1,-14.66,9.9,507,0,0,0,0,0,0,0,0,9.6,-
Åõ,69,26.8,26,5.5,0,0.1375,0.1303,66.38,62.9,ÉXÉM,ê∂óßñÿ,,,,,,,84.1,116.58,-14.36,9.84,468,0,0,0,0,0,0,0,0,4.2,-
Åõ,70,102,102,7.4,0,1.9265,1.9265,930.07,930.07,ÉXÉM,ê∂óßñÿ,,,,,,,320.4,117.81,-13.9,9.96,552,0,0,0,0,0,0,0,0,9.6,-
Åõ,71,32.6,32,4.1,0,0.1415,0.1369,68.35,66.13,ÉXÉM,ê∂óßñÿ,,,,,,,102.4,117.24,9.44,9.73,479,0,0,0,0,0,0,0,0,4.8,-
Åõ,72,56.4,56,3.9,0,0.383,0.3786,184.91,182.8,ÉXÉM,ê∂óßñÿ,,,,,,,177.1,116.59,9.54,9.74,524,0,0,0,0,0,0,0,0,6.7,-
Åõ,73,33,32,5.4,0,0.1951,0.1847,94.22,89.2,ÉXÉM,ê∂óßñÿ,,,,,,,103.6,117.18,10.79,9.72,637,0,0,0,0,0,0,0,0,4.8,-
Åõ,74,19.7,18,1.6,0,0.027,0.0227,13.06,10.97,ÉXÉM,ê∂óßñÿ,,,,,,,61.8,117.21,10.95,9.7,622,0,0,0,0,0,0,0,0,3.5,-
Åõ,75,80.2,80,6.2,0,1.0891,1.0847,525.82,523.7,ÉXÉM,ê∂óßñÿ,,,,,,,251.9,117.12,18.88,10.55,633,0,0,0,0,0,0,0,0,8.3,-
Åõ,76,56.3,56,6.1,0,0.6046,0.5994,291.9,289.39,ÉXÉM,ê∂óßñÿ,,,,,,,176.8,116.66,19.77,10.62,597,0,0,0,0,0,0,0,0,6.7,-
Åõ,77,90.6,90,6.5,0,1.3923,1.3774,672.19,665.01,ÉXÉM,ê∂óßñÿ,,,,,,,284.6,115.33,19.72,10.34,527,0,0,0,0,0,0,0,0,8.9,-
Åõ,78,54.1,54,6.6,0,0.6146,0.6128,296.75,295.87,ÉXÉM,ê∂óßñÿ,,,,,,,169.9,113.12,18.97,10.16,484,0,0,0,0,0,0,0,0,6.5,-
Åõ,79,22.4,22,1.8,0,0.0297,0.0287,14.33,13.88,ÉXÉM,ê∂óßñÿ,,,,,,,70.3,115.66,10.8,9.72,447,0,0,0,0,0,0,0,0,3.8,-
Åõ,80,97.6,96,7.5,0,1.8189,1.7709,878.12,854.97,ÉXÉM,ê∂óßñÿ,,,,,,,306.6,115.94,10.54,9.76,525,0,0,0,0,0,0,0,0,9.3,-
Åõ,81,45.4,44,7.2,0,0.5063,0.4813,244.43,232.36,ÉXÉM,ê∂óßñÿ,,,,,,,142.6,115.81,9.61,9.75,446,0,0,0,0,0,0,0,0,5.8,-
Åõ,82,59.3,58,6.7,0,0.724,0.6985,349.56,337.26,ÉXÉM,ê∂óßñÿ,,,,,,,186.2,113.23,-14.15,9.91,467,0,0,0,0,0,0,0,0,6.9,-
Åõ,83,90.6,90,6.9,0,1.4804,1.4646,714.71,707.07,ÉXÉM,ê∂óßñÿ,,,,,,,284.6,114.28,-14.26,10.13,550,0,0,0,0,0,0,0,0,8.9,-
Åõ,84,87.7,86,7.1,0,1.4464,1.4013,698.29,676.55,ÉXÉM,ê∂óßñÿ,,,,,,,275.5,115.27,-14.38,10.12,551,0,0,0,0,0,0,0,0,8.7,-
Åõ,85,9.5,8,4.2,0,0.0184,0.0132,8.92,6.4,ÉXÉM,ê∂óßñÿ,,,,,,,29.8,113.04,-15.38,9.85,506,0,0,0,0,0,0,0,0,2.3,-
Åõ,86,33.9,32,1.8,0,0.062,0.056,29.95,27.03,ÉXÉM,ê∂óßñÿ,,,,,,,106.4,109.35,-3.07,9.49,504,0,0,0,0,0,0,0,0,4.9,-
Åõ,87,34.8,34,1.7,0,0.061,0.0586,29.49,28.3,ÉXÉM,ê∂óßñÿ,,,,,,,109.3,111.88,1.35,9.61,526,0,0,0,0,0,0,0,0,5,-
Åõ,88,35.3,34,7.6,0,0.3189,0.2983,153.97,144.03,ÉXÉM,ê∂óßñÿ,,,,,,,110.8,110.51,8.57,9.62,529,0,0,0,0,0,0,0,0,5,-
Åõ,89,61.3,60,7.9,0,0.9047,0.8739,436.8,421.93,ÉXÉM,ê∂óßñÿ,,,,,,,192.5,110.29,8.61,9.7,482,0,0,0,0,0,0,0,0,7,-
Åõ,90,48.4,48,7.1,0,0.5534,0.546,267.19,263.63,ÉXÉM,ê∂óßñÿ,,,,,,,152,110.37,8.55,9.72,528,0,0,0,0,0,0,0,0,6.1,-
Åõ,91,2.1,2,1.8,0,0.0004,0.0004,0.22,0.2,ÉXÉM,ê∂óßñÿ,,,,,,,6.5,112.33,12.43,9.63,635,0,0,0,0,0,0,0,0,0.9,-
Åõ,92,40.7,40,6.5,0,0.3466,0.336,167.33,162.25,ÉXÉM,ê∂óßñÿ,,,,,,,127.8,111.63,13.1,9.62,483,0,0,0,0,0,0,0,0,5.5,-
Åõ,93,21,20,2.4,0,0.0361,0.0413,17.47,19.97,ÉXÉM,ê∂óßñÿ,,,,,,,65.9,110.58,18.76,10.16,485,0,0,0,0,0,0,0,0,3.7,-
Åõ,94,42.7,42,6,0,0.3802,0.3702,183.57,178.73,ÉXÉM,ê∂óßñÿ,,,,,,,134.1,109.62,18.86,10.28,486,0,0,0,0,0,0,0,0,5.6,-
Åõ,95,35.2,34,5.6,0,0.2277,0.2141,109.93,103.36,ÉXÉM,ê∂óßñÿ,,,,,,,110.5,111.67,19.07,10.37,451,0,0,0,0,0,0,0,0,5,-
Åõ,96,27.7,26,5.1,0,0.1343,0.12,64.86,57.95,ÉXÉM,ê∂óßñÿ,,,,,,,87,109.03,-8.1,10.59,465,0,0,0,0,0,0,0,0,4.3,-
Åõ,97,27.8,26,6.5,0,0.1759,0.1562,84.96,75.42,ÉXÉM,ê∂óßñÿ,,,,,,,87.3,109.05,-11.03,10.68,545,0,0,0,0,0,0,0,0,4.3,-
Åõ,98,30.8,30,6.6,0,0.2146,0.2048,103.64,98.91,ÉXÉM,ê∂óßñÿ,,,,,,,96.7,106.64,-11.05,10.66,434,0,0,0,0,0,0,0,0,4.6,-
Åõ,99,31.1,30,4.5,0,0.144,0.1351,69.55,65.23,ÉXÉM,ê∂óßñÿ,,,,,,,97.7,106.67,-8.09,10.7,500,0,0,0,0,0,0,0,0,4.6,-
Åõ,100,23.3,22,4.4,0,0.0841,0.0759,40.61,36.67,ÉXÉM,ê∂óßñÿ,,,,,,,73.1,107.66,-3.85,9.46,536,0,0,0,0,0,0,0,0,3.9,-
Åõ,101,18,18,4.6,0,0.0636,0.0636,30.71,30.71,ÉXÉM,ê∂óßñÿ,,,,,,,56.5,106.35,-3.05,9.44,436,0,0,0,0,0,0,0,0,3.3,-
Åõ,102,36.5,36,4.7,0,0.2007,0.1959,96.93,94.58,ÉXÉM,ê∂óßñÿ,,,,,,,114.6,107.51,-2.89,9.46,466,0,0,0,0,0,0,0,0,5.1,-
Åõ,103,30.8,30,2.7,0,0.0812,0.0775,39.24,37.45,ÉXÉM,ê∂óßñÿ,,,,,,,96.7,108.07,-1.51,9.52,469,0,0,0,0,0,0,0,0,4.6,-
Åõ,104,79.7,78,4.8,0,0.829,0.8006,400.22,386.51,ÉXÉM,ê∂óßñÿ,,,,,,,250.3,106.42,-1.27,9.35,497,0,0,0,0,0,0,0,0,8.2,-
Åõ,105,70.3,70,4.8,0,0.6768,0.6721,326.75,324.5,ÉXÉM,ê∂óßñÿ,,,,,,,220.8,106.26,-1.08,9.23,463,0,0,0,0,0,0,0,0,7.6,-
Åõ,106,46.4,46,6.1,0,0.4423,0.4361,213.55,210.58,ÉXÉM,ê∂óßñÿ,,,,,,,145.7,107.3,5.39,9.46,531,0,0,0,0,0,0,0,0,5.9,-
Åõ,107,65,64,7,0,0.8784,0.8567,424.1,413.61,ÉXÉM,ê∂óßñÿ,,,,,,,204.2,108.19,6.62,9.5,453,0,0,0,0,0,0,0,0,7.3,-
Åõ,108,21.5,20,6.1,0,0.104,0.1027,50.21,49.59,ÉXÉM,ê∂óßñÿ,,,,,,,67.5,106.6,7.62,9.53,492,0,0,0,0,0,0,0,0,3.7,-
Åõ,109,24.4,24,6.1,0,0.1302,0.1264,62.87,61.05,ÉXÉM,ê∂óßñÿ,,,,,,,76.6,106.6,9.4,9.47,490,0,0,0,0,0,0,0,0,4,-
Åõ,110,25,24,5.7,0,0.1263,0.1174,60.99,56.72,ÉXÉM,ê∂óßñÿ,,,,,,,78.5,106.69,10.87,9.56,488,0,0,0,0,0,0,0,0,4.1,-
Åõ,111,54.8,54,7.3,0,0.696,0.6797,336.03,328.14,ÉXÉM,ê∂óßñÿ,,,,,,,172.1,106.75,11.8,9.53,489,0,0,0,0,0,0,0,0,6.6,-
Åõ,112,38,38,2.7,0,0.1181,0.1181,57.01,57.01,ÉXÉM,ê∂óßñÿ,,,,,,,119.3,107.69,15.63,9.58,487,0,0,0,0,0,0,0,0,5.2,-
Åõ,113,28.2,28,6.6,0,0.1835,0.1812,88.6,87.49,ÉXÉM,ê∂óßñÿ,,,,,,,88.5,108.55,18.59,10.19,394,0,0,0,0,0,0,0,0,4.4,-
Åõ,114,21.5,20,6.2,0,0.1058,0.1043,51.1,50.38,ÉXÉM,ê∂óßñÿ,,,,,,,67.5,107.55,18.75,10.59,396,0,0,0,0,0,0,0,0,3.7,-
Åõ,115,35.1,34,4,0,0.1571,0.1485,75.88,71.71,ÉXÉM,ê∂óßñÿ,,,,,,,110.2,106,-5.34,9.41,539,0,0,0,0,0,0,0,0,5,-
Åõ,116,71.2,70,2.5,0,0.3535,0.3439,170.68,166.06,ÉXÉM,ê∂óßñÿ,,,,,,,223.6,103.28,-8.22,8.05,364,0,0,0,0,0,0,0,0,7.7,-
Åõ,117,57.5,56,5.8,0,0.594,0.5691,286.78,274.78,ÉXÉM,ê∂óßñÿ,,,,,,,180.6,104.23,-7.34,8.92,542,0,0,0,0,0,0,0,0,6.7,-
Åõ,118,48.8,48,5.7,0,0.4476,0.4358,216.09,210.4,ÉXÉM,ê∂óßñÿ,,,,,,,153.3,104.27,-6.66,8.99,541,0,0,0,0,0,0,0,0,6.1,-
Åõ,119,33.2,32,5.6,0,0.2052,0.1922,99.07,92.8,ÉXÉM,ê∂óßñÿ,,,,,,,104.3,104.45,-5.51,9.04,540,0,0,0,0,0,0,0,0,4.8,-
Åõ,120,55.1,54,4.3,0,0.4077,0.3946,196.86,190.55,ÉXÉM,ê∂óßñÿ,,,,,,,173.1,104.43,-4.75,9.07,538,0,0,0,0,0,0,0,0,6.6,-
Åõ,121,33.4,32,3.9,0,0.14,0.1297,67.59,62.63,ÉXÉM,ê∂óßñÿ,,,,,,,104.9,104.55,-4.16,9.38,496,0,0,0,0,0,0,0,0,4.8,-
Åõ,122,29.3,28,3.3,0,0.0925,0.0853,44.66,41.19,ÉXÉM,ê∂óßñÿ,,,,,,,92,103.72,-3.59,10.02,381,0,0,0,0,0,0,0,0,4.5,-
Åõ,123,45.4,44,3.9,0,0.2697,0.2564,130.22,123.8,ÉXÉM,ê∂óßñÿ,,,,,,,142.6,104.6,-3.12,9.47,535,0,0,0,0,0,0,0,0,5.8,-
Åõ,124,88.3,88,3.1,0,0.6244,0.6209,301.45,299.8,ÉXÉM,ê∂óßñÿ,,,,,,,277.4,103.66,-1.87,8.26,382,0,0,0,0,0,0,0,0,8.8,-
Åõ,125,124.9,124,6.2,0,2.2285,2.2026,1075.88,1063.37,ÉXÉM,ê∂óßñÿ,,,,,,,392.3,103.9,-1.7,7.57,407,0,0,0,0,0,0,0,0,10.8,-
Åõ,126,29.8,28,4.1,0,0.1206,0.108,58.26,52.15,ÉXÉM,ê∂óßñÿ,,,,,,,93.6,105.57,-1.36,9.49,462,0,0,0,0,0,0,0,0,4.5,-
Åõ,127,35.7,34,4.8,0,0.1974,0.181,95.34,87.42,ÉXÉM,ê∂óßñÿ,,,,,,,112.1,105.14,-0.93,8.95,437,0,0,0,0,0,0,0,0,5,-
Åõ,128,35.9,34,5.6,0,0.2358,0.2141,113.85,103.36,ÉXÉM,ê∂óßñÿ,,,,,,,112.7,103.75,-1.02,8.17,461,0,0,0,0,0,0,0,0,5.1,-
Åõ,129,23.8,22,1.9,0,0.035,0.0305,16.93,14.72,ÉXÉM,ê∂óßñÿ,,,,,,,74.7,104.96,5.17,9,386,0,0,0,0,0,0,0,0,3.9,-
Åõ,130,32.4,32,2.8,0,0.0925,0.0905,44.67,43.69,ÉXÉM,ê∂óßñÿ,,,,,,,101.7,103.69,5.72,8.3,494,0,0,0,0,0,0,0,0,4.8,-
Åõ,131,133.8,132,6.3,0,2.532,2.4772,1222.39,1195.93,ÉXÉM,ê∂óßñÿ,,,,,,,420.3,104.5,6.09,9.38,456,0,0,0,0,0,0,0,0,11.3,-
Åõ,132,148.1,148,7.4,0,3.5197,3.5159,1699.25,1697.4,ÉXÉM,ê∂óßñÿ,,,,,,,465.2,103.65,6.39,7.81,417,0,0,0,0,0,0,0,0,12,-
Åõ,133,7.6,6,2.3,0,0.007,0.0044,3.39,2.15,ÉXÉM,ê∂óßñÿ,,,,,,,23.8,103.26,7.44,8.55,389,0,0,0,0,0,0,0,0,2,-
Åõ,134,41.8,40,3.6,0,0.2174,0.1768,104.95,85.38,ÉXÉM,ê∂óßñÿ,,,,,,,131.3,104.68,8.55,9.59,602,0,0,0,0,0,0,0,0,5.6,-
Åõ,135,34.9,34,2.5,0,0.0933,0.0891,45.07,43.03,ÉXÉM,ê∂óßñÿ,,,,,,,109.6,103.34,9.73,8.51,371,0,0,0,0,0,0,0,0,5,-
Åõ,136,13.8,12,4.9,0,0.0404,0.0308,19.54,14.91,ÉXÉM,ê∂óßñÿ,,,,,,,43.3,105.72,10.11,9.51,493,0,0,0,0,0,0,0,0,2.8,-
Åõ,137,55.6,54,5.1,0,0.493,0.4702,238.01,227.04,ÉXÉM,ê∂óßñÿ,,,,,,,174.6,104.62,10.28,9.23,623,0,0,0,0,0,0,0,0,6.6,-
Åõ,138,49.4,48,5.3,0,0.4236,0.4044,204.53,195.25,ÉXÉM,ê∂óßñÿ,,,,,,,155.1,103.11,10.48,7.79,393,0,0,0,0,0,0,0,0,6.2,-
Åõ,139,46.4,46,4.8,0,0.3458,0.341,166.95,164.63,ÉXÉM,ê∂óßñÿ,,,,,,,145.7,104.43,11.18,9.16,601,0,0,0,0,0,0,0,0,5.9,-
Åõ,140,57.1,56,2.9,0,0.2882,0.2793,139.15,134.84,ÉXÉM,ê∂óßñÿ,,,,,,,179.3,103.29,11.09,8.03,372,0,0,0,0,0,0,0,0,6.7,-
Åõ,141,34.7,34,2.4,0,0.0884,0.0852,42.68,41.16,ÉXÉM,ê∂óßñÿ,,,,,,,109,104.44,13.02,9.07,621,0,0,0,0,0,0,0,0,5,-
Åõ,142,17.2,16,2.7,0,0.0346,0.0301,16.73,14.55,ÉXÉM,ê∂óßñÿ,,,,,,,54,104.37,13.42,8.18,420,0,0,0,0,0,0,0,0,3.2,-
Åõ,143,136.3,136,5.8,0,2.3965,2.3879,1156.97,1152.86,ÉXÉM,ê∂óßñÿ,,,,,,,428.1,103.44,13.38,8.14,395,0,0,0,0,0,0,0,0,11.4,-
Åõ,144,24.3,24,1.6,0,0.0302,0.0295,14.58,14.26,ÉXÉM,ê∂óßñÿ,,,,,,,76.3,105.21,13.56,9.46,530,0,0,0,0,0,0,0,0,4,-
Åõ,145,59.6,58,3.2,0,0.3417,0.327,165,157.9,ÉXÉM,ê∂óßñÿ,,,,,,,187.2,105.64,13.89,9.41,491,0,0,0,0,0,0,0,0,6.9,-
Åõ,146,67.8,66,2.7,0,0.3535,0.3384,170.68,163.41,ÉXÉM,ê∂óßñÿ,,,,,,,212.9,106.08,14.69,9.47,620,0,0,0,0,0,0,0,0,7.5,-
Åõ,147,98.3,98,7.8,0,1.9156,1.9062,924.83,920.27,ÉXÉM,ê∂óßñÿ,,,,,,,308.8,105.34,19.26,9.83,618,0,0,0,0,0,0,0,0,9.4,-
Åõ,148,37.4,36,3,0,0.1287,0.1202,62.14,58.07,ÉXÉM,ê∂óßñÿ,,,,,,,117.4,101.38,6.8,7.27,390,0,0,0,0,0,0,0,0,5.2,-
Åõ,149,3.7,2,2.7,0,0.002,0.0006,0.97,0.29,ÉXÉM,ê∂óßñÿ,,,,,,,11.6,102.62,6.57,8.09,391,0,0,0,0,0,0,0,0,1.3,-
Åõ,150,53.3,52,1.5,0,0.131,0.1259,63.26,60.78,ÉXÉM,ê∂óßñÿ,,,,,,,167.4,101.2,5.24,7.34,457,0,0,0,0,0,0,0,0,6.4,-
Åõ,151,42.6,42,1.5,0,0.0912,0.0891,44.04,43.04,ÉXÉM,ê∂óßñÿ,,,,,,,133.8,100.84,5.24,7.29,458,0,0,0,0,0,0,0,0,5.6,-
Åõ,152,48.7,48,1.5,0,0.1132,0.1106,54.67,53.41,ÉXÉM,ê∂óßñÿ,,,,,,,152.9,100.89,4.61,7.29,422,0,0,0,0,0,0,0,0,6.1,-
Åõ,153,32.1,32,6.6,0,0.231,0.2297,111.55,110.93,ÉXÉM,ê∂óßñÿ,,,,,,,100.8,102.32,-0.35,7.16,409,0,0,0,0,0,0,0,0,4.7,-
Åõ,154,33.5,32,6.6,0,0.2492,0.2297,120.35,110.93,ÉXÉM,ê∂óßñÿ,,,,,,,105.2,102.62,-3.12,7.21,433,0,0,0,0,0,0,0,0,4.9,-
Åõ,155,21.1,20,3.1,0,0.0482,0.053,23.27,25.63,ÉXÉM,ê∂óßñÿ,,,,,,,66.2,103.03,-5.65,7.79,380,0,0,0,0,0,0,0,0,3.7,-
Åõ,156,46.7,46,1.6,0,0.113,0.1103,54.59,53.27,ÉXÉM,ê∂óßñÿ,,,,,,,146.7,100.81,-7.36,7.09,406,0,0,0,0,0,0,0,0,5.9,-
Åõ,157,38.7,38,1.4,0,0.0597,0.0578,28.85,27.93,ÉXÉM,ê∂óßñÿ,,,,,,,121.5,97.52,-7.52,7.38,460,0,0,0,0,0,0,0,0,5.3,-
Åõ,158,38.8,38,1.8,0,0.0788,0.076,38.08,36.7,ÉXÉM,ê∂óßñÿ,,,,,,,121.8,99.47,-7.4,7.1,428,0,0,0,0,0,0,0,0,5.3,-
Åõ,159,47.6,46,5.5,0,0.4144,0.3921,200.09,189.34,ÉXÉM,ê∂óßñÿ,,,,,,,149.5,99.31,-2.11,7.15,367,0,0,0,0,0,0,0,0,6,-
Åõ,160,52.8,52,3.1,0,0.2719,0.2653,131.3,128.1,ÉXÉM,ê∂óßñÿ,,,,,,,165.8,99.02,6.34,7.22,348,0,0,0,0,0,0,0,0,6.4,-
Åõ,161,66.9,66,1.6,0,0.2021,0.1977,97.59,95.48,ÉXÉM,ê∂óßñÿ,,,,,,,210.1,89.01,-2.32,7.04,377,0,0,0,0,0,0,0,0,7.4,-
Åõ,162,22.3,22,1.6,0,0.0259,0.0253,12.51,12.21,ÉXÉM,ê∂óßñÿ,,,,,,,70,87.81,-2.27,7.02,376,0,0,0,0,0,0,0,0,3.8,-
Åõ,163,31.5,30,2.8,0,0.088,0.0807,42.49,38.95,ÉXÉM,ê∂óßñÿ,,,,,,,98.9,90.21,-11.09,7.07,342,0,0,0,0,0,0,0,0,4.7,-
Åõ,164,47.2,46,2.7,0,0.1968,0.1888,95.05,91.18,ÉXÉM,ê∂óßñÿ,,,,,,,148.2,88.98,-11.02,7.03,401,0,0,0,0,0,0,0,0,6,-
Åõ,165,40.2,40,2.6,0,0.1252,0.1241,60.48,59.95,ÉXÉM,ê∂óßñÿ,,,,,,,126.2,87.86,-11.24,7,341,0,0,0,0,0,0,0,0,5.4,-
Åõ,166,126.2,126,2.6,0,0.9282,0.9259,448.15,447.01,ÉXÉM,ê∂óßñÿ,,,,,,,396.4,89.65,-11.57,7.05,402,0,0,0,0,0,0,0,0,10.9,-
Åõ,167,22.5,22,2.5,0,0.0427,0.0411,20.65,19.84,ÉXÉM,ê∂óßñÿ,,,,,,,70.6,90.09,-11.8,7.1,426,0,0,0,0,0,0,0,0,3.8,-
Åõ,168,18.4,18,3.1,0,0.0451,0.0433,21.81,20.9,ÉXÉM,ê∂óßñÿ,,,,,,,57.8,84.81,-15.72,7.32,337,0,0,0,0,0,0,0,0,3.4,-
Åõ,169,31.6,30,3,0,0.0954,0.0869,46.05,41.99,ÉXÉM,ê∂óßñÿ,,,,,,,99.2,84.72,-11.37,6.9,340,0,0,0,0,0,0,0,0,4.7,-
Åõ,170,68,68,2.7,0,0.3552,0.3552,171.49,171.49,ÉXÉM,ê∂óßñÿ,,,,,,,213.6,87.17,-11.23,6.97,357,0,0,0,0,0,0,0,0,7.5,-
Åõ,171,10.9,10,1.3,0,0.0084,0.0071,4.09,3.46,ÉXÉM,ê∂óßñÿ,,,,,,,34.2,86.34,-5.33,7.09,360,0,0,0,0,0,0,0,0,2.4,-
Åõ,172,6.4,6,1.3,0,0.003,0.0026,1.46,1.29,ÉXÉM,ê∂óßñÿ,,,,,,,20.1,86.12,-3.7,6.99,362,0,0,0,0,0,0,0,0,1.8,-
Åõ,173,21.4,20,1.6,0,0.024,0.0278,11.63,13.45,ÉXÉM,ê∂óßñÿ,,,,,,,67.2,86.36,-2.2,7,363,0,0,0,0,0,0,0,0,3.7,-
Åõ,174,37.4,36,3.2,0,0.138,0.129,66.66,62.29,ÉXÉM,ê∂óßñÿ,,,,,,,117.4,83.83,-13.22,6.6,356,0,0,0,0,0,0,0,0,5.2,-
Åõ,175,50.2,50,14.8,0,1.2483,1.2402,602.65,598.77,ÉXÉM,ê∂óßñÿ,,,,,,,157.7,81.86,-15.35,6.92,334,0,0,0,0,0,0,0,0,6.2,-
Åõ,176,49.7,48,20.7,0,1.7335,1.6387,836.91,791.13,ÉXÉM,ê∂óßñÿ,,,,,,,156.1,82.05,-9.97,6.86,322,0,0,0,0,0,0,0,0,6.2,-
Åõ,177,55.6,54,17.4,0,1.7386,1.6585,839.38,800.69,ÉXÉM,ê∂óßñÿ,,,,,,,174.6,83.85,9.94,7.13,286,0,0,0,0,0,0,0,0,6.6,-
Åõ,178,83.9,82,18.6,0,3.6202,3.4887,1747.78,1684.26,ÉXÉM,ê∂óßñÿ,,,,,,,263.5,82.89,12.21,6.96,311,0,0,0,0,0,0,0,0,8.5,-
Åõ,179,17.6,16,10.5,0,0.1362,0.1132,65.76,54.69,ÉXÉM,ê∂óßñÿ,,,,,,,55.2,82.9,14.06,6.66,324,0,0,0,0,0,0,0,0,3.3,-
Åõ,180,66.8,66,20.7,0,2.7956,2.7417,1349.65,1323.63,ÉXÉM,ê∂óßñÿ,,,,,,,209.8,79.01,-7.29,6.16,323,0,0,0,0,0,0,0,0,7.4,-
Åõ,181,55.6,54,15.6,0,1.5542,1.4825,750.33,715.75,ÉXÉM,ê∂óßñÿ,,,,,,,174.6,80.15,-14.53,6.57,354,0,0,0,0,0,0,0,0,6.6,-
Åõ,182,59.8,58,17.6,0,1.9789,1.8835,955.36,909.32,ÉXÉM,ê∂óßñÿ,,,,,,,187.8,75.65,-12.26,5.81,333,0,0,0,0,0,0,0,0,6.9,-
Åõ,183,26.8,26,11,0,0.292,0.2767,140.99,133.59,ÉXÉM,ê∂óßñÿ,,,,,,,84.1,73.14,-8.96,5.62,282,0,0,0,0,0,0,0,0,4.2,-
Åõ,184,84,84,19.1,0,3.7274,3.7274,1799.5,1799.5,ÉXÉM,ê∂óßñÿ,,,,,,,263.8,75.78,-7.18,5.89,310,0,0,0,0,0,0,0,0,8.5,-
Åõ,185,88.8,88,19.8,0,4.2312,4.1697,2042.72,2013.07,ÉXÉM,ê∂óßñÿ,,,,,,,278.9,73.48,12.37,5.62,287,0,0,0,0,0,0,0,0,8.8,-
Åõ,186,54.2,54,17.2,0,1.6487,1.6389,795.98,791.24,ÉXÉM,ê∂óßñÿ,,,,,,,170.2,74.38,14.47,5.69,325,0,0,0,0,0,0,0,0,6.5,-
Åõ,187,26,26,12.6,0,0.3207,0.3207,154.83,154.83,ÉXÉM,ê∂óßñÿ,,,,,,,81.6,74.22,16.91,5.69,313,0,0,0,0,0,0,0,0,4.2,-
Åõ,188,44.9,44,23.3,0,1.6611,1.6077,801.98,776.16,ÉXÉM,ê∂óßñÿ,,,,,,,141,68.91,15.51,4.98,264,0,0,0,0,0,0,0,0,5.8,-
Åõ,189,30.6,30,2,0,0.0579,0.0559,27.99,27.02,ÉXÉM,ê∂óßñÿ,,,,,,,96.1,66.88,14.06,4.88,327,0,0,0,0,0,0,0,0,4.6,-
Åõ,190,35.8,34,19.3,0,0.9002,0.8213,434.6,396.51,ÉXÉM,ê∂óßñÿ,,,,,,,112.4,67.58,10.84,5.13,263,0,0,0,0,0,0,0,0,5.1,-
Åõ,191,16,16,6.9,0,0.0752,0.0752,36.32,36.32,ÉXÉM,ê∂óßñÿ,,,,,,,50.2,69.13,9.92,5.18,289,0,0,0,0,0,0,0,0,3.1,-
Åõ,192,37.1,36,21,0,1.0513,0.9965,507.54,481.09,ÉXÉM,ê∂óßñÿ,,,,,,,116.5,67.37,9.25,5.03,314,0,0,0,0,0,0,0,0,5.2,-
Åõ,193,47.9,46,20.8,0,1.6413,1.5373,792.38,742.21,ÉXÉM,ê∂óßñÿ,,,,,,,150.4,67.77,8.44,5.22,288,0,0,0,0,0,0,0,0,6,-
Åõ,194,50.7,50,24,0,2.0839,2.0376,1006.08,983.73,ÉXÉM,ê∂óßñÿ,,,,,,,159.2,66.47,-1.93,5.38,284,0,0,0,0,0,0,0,0,6.3,-
Åõ,195,85.1,84,23.1,0,4.6275,4.5312,2234.04,2187.56,ÉXÉM,ê∂óßñÿ,,,,,,,267.3,68.46,-8.97,5.5,257,0,0,0,0,0,0,0,0,8.6,-
Åõ,196,14.5,14,3,0,0.0276,0.0257,13.32,12.45,ÉXÉM,ê∂óßñÿ,,,,,,,45.5,66.09,-3.63,5.4,320,0,0,0,0,0,0,0,0,2.9,-
Åõ,197,34.3,34,20.4,0,0.886,0.8723,427.75,421.12,ÉXÉM,ê∂óßñÿ,,,,,,,107.7,64.38,13.87,4.54,265,0,0,0,0,0,0,0,0,4.9,-
Åõ,198,22,22,1.5,0,0.0235,0.0235,11.39,11.39,ÉXÉM,ê∂óßñÿ,,,,,,,69.1,65.93,13.31,4.69,315,0,0,0,0,0,0,0,0,3.8,-
Åõ,199,89,88,26.6,0,5.7506,5.6466,2776.28,2726.05,ÉXÉM,ê∂óßñÿ,,,,,,,279.6,63.18,6.37,5.41,230,0,0,0,0,0,0,0,0,8.8,-
Åõ,200,66.2,66,23.8,0,3.1797,3.1642,1535.08,1527.59,ÉXÉM,ê∂óßñÿ,,,,,,,207.9,66.1,3.89,5.29,260,0,0,0,0,0,0,0,0,7.4,-
Åõ,201,31.9,30,1.7,0,0.0523,0.0469,25.26,22.65,ÉXÉM,ê∂óßñÿ,,,,,,,100.2,65.78,-0.25,5.29,329,0,0,0,0,0,0,0,0,4.7,-
Åõ,202,112.1,112,22.7,0,7.0952,7.085,3425.41,3420.47,ÉXÉM,ê∂óßñÿ,,,,,,,352.1,64,-2.79,6.1,259,0,0,0,0,0,0,0,0,10.1,-
Åõ,203,70.9,70,16.5,0,2.4386,2.3887,1177.3,1153.24,ÉXÉM,ê∂óßñÿ,,,,,,,222.7,64.4,-3.01,5.49,352,0,0,0,0,0,0,0,0,7.7,-
Åõ,204,21.7,20,9.8,0,0.1769,0.163,85.44,78.73,ÉXÉM,ê∂óßñÿ,,,,,,,68.1,64.46,-3.68,5.5,353,0,0,0,0,0,0,0,0,3.7,-
Åõ,205,18.6,18,2.6,0,0.0388,0.0364,18.76,17.61,ÉXÉM,ê∂óßñÿ,,,,,,,58.4,65.78,-4.82,5.28,318,0,0,0,0,0,0,0,0,3.4,-
Åõ,206,12.2,12,1.9,0,0.0126,0.0122,6.11,5.92,ÉXÉM,ê∂óßñÿ,,,,,,,38.3,63.72,-13.08,4.57,331,0,0,0,0,0,0,0,0,2.6,-
Åõ,207,18.6,18,2,0,0.03,0.0282,14.52,13.63,ÉXÉM,ê∂óßñÿ,,,,,,,58.4,62.69,-12.34,5.1,307,0,0,0,0,0,0,0,0,3.4,-
Åõ,208,41.6,40,19.5,0,1.223,1.1088,590.44,535.33,ÉXÉM,ê∂óßñÿ,,,,,,,130.6,60.19,-10.49,4.65,255,0,0,0,0,0,0,0,0,5.5,-
Åõ,209,14.5,14,2.7,0,0.0249,0.0232,12.02,11.23,ÉXÉM,ê∂óßñÿ,,,,,,,45.5,60.81,-10.31,4.82,305,0,0,0,0,0,0,0,0,2.9,-
Åõ,210,14.8,14,2.1,0,0.0202,0.0182,9.79,8.79,ÉXÉM,ê∂óßñÿ,,,,,,,46.4,62.93,-10.19,4.83,308,0,0,0,0,0,0,0,0,2.9,-
Åõ,211,67.6,66,19.6,0,2.6945,2.5922,1300.84,1251.45,ÉXÉM,ê∂óßñÿ,,,,,,,212.3,60.21,-9.32,4.61,278,0,0,0,0,0,0,0,0,7.4,-
Åõ,212,13.6,12,3.3,0,0.0267,0.021,12.92,10.14,ÉXÉM,ê∂óßñÿ,,,,,,,42.7,62.08,-8.92,4.58,279,0,0,0,0,0,0,0,0,2.8,-
Åõ,213,79.8,78,21,0,3.7818,3.6449,1825.78,1759.69,ÉXÉM,ê∂óßñÿ,,,,,,,250.6,61.28,-8.7,4.84,256,0,0,0,0,0,0,0,0,8.2,-
Åõ,214,78.3,78,22.1,0,3.865,3.8411,1865.95,1854.41,ÉXÉM,ê∂óßñÿ,,,,,,,245.9,61.81,-3.28,4.92,283,0,0,0,0,0,0,0,0,8.1,-
Åõ,215,24.9,24,17.1,0,0.4138,0.3876,199.8,187.14,ÉXÉM,ê∂óßñÿ,,,,,,,78.2,61.86,-2.93,4.5,202,0,0,0,0,0,0,0,0,4.1,-
Åõ,216,4.6,4,2.6,0,0.0029,0.0022,1.43,1.09,ÉXÉM,ê∂óßñÿ,,,,,,,14.4,62.01,2.28,5.16,285,0,0,0,0,0,0,0,0,1.4,-
Åõ,217,30.7,30,2.9,0,0.0873,0.0838,42.16,40.47,ÉXÉM,ê∂óßñÿ,,,,,,,96.4,62.53,4.5,4.99,261,0,0,0,0,0,0,0,0,4.6,-
Åõ,218,10.3,10,2.9,0,0.0155,0.0146,7.5,7.08,ÉXÉM,ê∂óßñÿ,,,,,,,32.3,61.58,4.46,4.97,262,0,0,0,0,0,0,0,0,2.4,-
Åõ,219,13.9,12,1.5,0,0.0129,0.0097,6.24,4.7,ÉXÉM,ê∂óßñÿ,,,,,,,43.6,62.08,7.92,4.68,291,0,0,0,0,0,0,0,0,2.8,-
Åõ,220,11.4,10,1.9,0,0.0111,0.01,5.36,4.86,ÉXÉM,ê∂óßñÿ,,,,,,,35.8,59.26,-8.49,4.66,304,0,0,0,0,0,0,0,0,2.5,-
Åõ,221,62.4,62,5.9,0,0.6899,0.6828,333.1,329.65,ÉXÉM,ê∂óßñÿ,,,,,,,196,58.55,-12.62,4.45,303,0,0,0,0,0,0,0,0,7.1,-
Åõ,222,16.4,16,4.2,0,0.0486,0.0463,23.47,22.38,ÉXÉM,ê∂óßñÿ,,,,,,,51.5,56.73,-12.27,4.1,277,0,0,0,0,0,0,0,0,3.1,-
Åõ,223,14.5,14,4.7,0,0.0427,0.0399,20.64,19.29,ÉXÉM,ê∂óßñÿ,,,,,,,45.5,57.27,-11.16,4.27,253,0,0,0,0,0,0,0,0,2.9,-
Åõ,224,13.6,12,3.2,0,0.0259,0.0203,12.54,9.84,ÉXÉM,ê∂óßñÿ,,,,,,,42.7,59.34,-10.63,4.63,254,0,0,0,0,0,0,0,0,2.8,-
Åõ,225,67.2,66,21,0,2.8647,2.7825,1383.03,1343.33,ÉXÉM,ê∂óßñÿ,,,,,,,211.1,56.82,-7.19,4.57,228,0,0,0,0,0,0,0,0,7.4,-
Åõ,226,8.7,8,2.6,0,0.0101,0.0086,4.91,4.17,ÉXÉM,ê∂óßñÿ,,,,,,,27.3,57.73,-6.74,4.42,301,0,0,0,0,0,0,0,0,2.1,-
Åõ,227,20.3,20,8.3,0,0.1427,0.1386,68.91,66.95,ÉXÉM,ê∂óßñÿ,,,,,,,63.7,58.6,-6.49,4.31,229,0,0,0,0,0,0,0,0,3.6,-
Åõ,228,11.4,10,5.5,0,0.0313,0.0259,15.11,12.53,ÉXÉM,ê∂óßñÿ,,,,,,,35.8,57.52,-2.87,3.91,258,0,0,0,0,0,0,0,0,2.5,-
Åõ,229,18.4,18,9.3,0,0.1318,0.1263,63.67,61.02,ÉXÉM,ê∂óßñÿ,,,,,,,57.8,58,12.06,3.95,293,0,0,0,0,0,0,0,0,3.4,-
Åõ,230,54.4,54,16.8,0,1.619,1.5998,781.61,772.35,ÉXÉM,ê∂óßñÿ,,,,,,,170.9,57.22,13.02,3.64,295,0,0,0,0,0,0,0,0,6.5,-
Åõ,231,25.6,24,9.1,0,0.219,0.1953,105.76,94.29,ÉXÉM,ê∂óßñÿ,,,,,,,80.4,55.32,9.77,3.65,297,0,0,0,0,0,0,0,0,4.1,-
Åõ,232,20.5,20,7.1,0,0.1249,0.1191,60.31,57.5,ÉXÉM,ê∂óßñÿ,,,,,,,64.4,53.22,-12.94,3.92,275,0,0,0,0,0,0,0,0,3.6,-
Åõ,233,30.2,30,15.7,0,0.5315,0.5253,256.63,253.61,ÉXÉM,ê∂óßñÿ,,,,,,,94.8,54.04,-9.33,4.09,226,0,0,0,0,0,0,0,0,4.6,-
Åõ,234,10.8,10,1.6,0,0.01,0.0086,4.84,4.17,ÉXÉM,ê∂óßñÿ,,,,,,,33.9,52.87,-3.52,3.34,299,0,0,0,0,0,0,0,0,2.4,-
Åõ,235,63.9,62,24.9,0,3.1457,2.9959,1518.67,1446.36,ÉXÉM,ê∂óßñÿ,,,,,,,200.7,53.99,-3.3,3.55,201,0,0,0,0,0,0,0,0,7.2,-
Åõ,236,148.6,148,24.4,0,12.0507,11.9722,5817.8,5779.88,ÉXÉM,ê∂óßñÿ,,,,,,,466.8,53.42,3.6,4.04,168,0,0,0,0,0,0,0,0,12,-
Åõ,237,144.7,144,24.2,0,11.4466,11.3572,5526.13,5482.99,ÉXÉM,ê∂óßñÿ,,,,,,,454.5,53.56,3.86,4.06,203,0,0,0,0,0,0,0,0,11.9,-
Åõ,238,12.8,12,7,0,0.0495,0.0437,23.92,21.11,ÉXÉM,ê∂óßñÿ,,,,,,,40.2,55.08,6.34,3.92,231,0,0,0,0,0,0,0,0,2.7,-
Åõ,239,18.8,18,2.2,0,0.0337,0.0309,16.27,14.96,ÉXÉM,ê∂óßñÿ,,,,,,,59,55.38,10.16,3.6,296,0,0,0,0,0,0,0,0,3.4,-
Åõ,240,18.8,18,10.1,0,0.149,0.1369,71.93,66.13,ÉXÉM,ê∂óßñÿ,,,,,,,59,53.14,10.08,3.53,233,0,0,0,0,0,0,0,0,3.4,-
Åõ,241,33.8,32,9.6,0,0.3805,0.3452,183.72,166.68,ÉXÉM,ê∂óßñÿ,,,,,,,106.1,54.13,11.91,3.51,266,0,0,0,0,0,0,0,0,4.9,-
Åõ,242,17.5,16,2.8,0,0.0371,0.0312,17.92,15.07,ÉXÉM,ê∂óßñÿ,,,,,,,54.9,49.11,14.31,2.82,270,0,0,0,0,0,0,0,0,3.3,-
Åõ,243,35.7,34,22,0,1.0327,0.9468,498.56,457.13,ÉXÉM,ê∂óßñÿ,,,,,,,112.1,50.25,7.26,3.39,271,0,0,0,0,0,0,0,0,5,-
Åõ,244,54.2,54,23.4,0,2.2617,2.2483,1091.93,1085.43,ÉXÉM,ê∂óßñÿ,,,,,,,170.2,51.75,6.71,3.59,269,0,0,0,0,0,0,0,0,6.5,-
Åõ,245,51.7,50,20.6,0,1.8385,1.7418,887.58,840.9,ÉXÉM,ê∂óßñÿ,,,,,,,162.4,50.18,3.43,3.58,169,0,0,0,0,0,0,0,0,6.3,-
Åõ,246,127.7,126,21.6,0,8.3226,8.1443,4017.98,3931.89,ÉXÉM,ê∂óßñÿ,,,,,,,401.1,49.92,3.47,3.65,232,0,0,0,0,0,0,0,0,11,-
Åõ,247,15.8,14,3.1,0,0.0336,0.0266,16.24,12.85,ÉXÉM,ê∂óßñÿ,,,,,,,49.6,52.05,-7.5,3.83,227,0,0,0,0,0,0,0,0,3.1,-
Åõ,248,41,40,21.7,0,1.3332,1.2454,643.66,601.26,ÉXÉM,ê∂óßñÿ,,,,,,,128.8,50.75,-8.48,3.74,252,0,0,0,0,0,0,0,0,5.5,-
Åõ,249,15,14,1.4,0,0.014,0.0122,6.76,5.92,ÉXÉM,ê∂óßñÿ,,,,,,,47.1,49.52,-13.64,3.41,274,0,0,0,0,0,0,0,0,3,-
Åõ,250,14.3,14,6.4,0,0.0562,0.054,27.16,26.07,ÉXÉM,ê∂óßñÿ,,,,,,,44.9,50.35,-13.74,3.85,250,0,0,0,0,0,0,0,0,2.9,-
Åõ,251,22.2,22,5.4,0,0.0964,0.0949,46.56,45.81,ÉXÉM,ê∂óßñÿ,,,,,,,69.7,47.8,-10.84,3.27,273,0,0,0,0,0,0,0,0,3.8,-
Åõ,252,9.6,8,5.9,0,0.0255,0.0179,12.32,8.67,ÉXÉM,ê∂óßñÿ,,,,,,,30.1,48.15,-9.29,3.5,249,0,0,0,0,0,0,0,0,2.3,-
Åõ,253,20.4,20,10.5,0,0.1812,0.1744,87.49,84.21,ÉXÉM,ê∂óßñÿ,,,,,,,64,48.71,-7.92,3.4,251,0,0,0,0,0,0,0,0,3.6,-
Åõ,254,61.4,60,22.7,0,2.6819,2.5838,1294.78,1247.4,ÉXÉM,ê∂óßñÿ,,,,,,,192.8,48.75,-6.93,3.3,200,0,0,0,0,0,0,0,0,7,-
Åõ,255,75.7,74,23.4,0,3.881,3.7411,1873.66,1806.13,ÉXÉM,ê∂óßñÿ,,,,,,,237.8,46.47,-6.89,3.02,199,0,0,0,0,0,0,0,0,8,-
Åõ,256,29.7,28,20.7,0,0.6968,0.6275,336.42,302.94,ÉXÉM,ê∂óßñÿ,,,,,,,93.3,48.8,3.58,3.42,170,0,0,0,0,0,0,0,0,4.5,-
Åõ,257,75.3,74,21.8,0,3.578,3.4787,1727.36,1679.43,ÉXÉM,ê∂óßñÿ,,,,,,,236.5,46.99,3.63,3.26,204,0,0,0,0,0,0,0,0,8,-
Åõ,258,1.2,0,2.3,0,0.0001,0,0.09,0,ÉXÉM,ê∂óßñÿ,,,,,,,3.7,46.28,4.52,3.16,235,0,0,0,0,0,0,0,0,0.6,-
Åõ,259,8.4,8,1.3,0,0.0051,0.0046,2.47,2.25,ÉXÉM,ê∂óßñÿ,,,,,,,26.3,47.25,5.52,3.13,234,0,0,0,0,0,0,0,0,2.1,-
Åõ,260,19.2,18,3.9,0,0.0613,0.0541,29.62,26.15,ÉXÉM,ê∂óßñÿ,,,,,,,60.3,47.16,11.14,2.82,208,0,0,0,0,0,0,0,0,3.5,-
Åõ,261,20.7,20,1.7,0,0.0315,0.0295,15.25,14.26,ÉXÉM,ê∂óßñÿ,,,,,,,65,48.14,13.56,2.83,236,0,0,0,0,0,0,0,0,3.6,-
Åõ,262,36.2,36,20,0,0.9544,0.945,460.77,456.25,ÉXÉM,ê∂óßñÿ,,,,,,,113.7,45.58,-11.72,2.94,246,0,0,0,0,0,0,0,0,5.1,-
Åõ,263,148.7,148,21.7,0,10.695,10.6137,5163.29,5124.07,ÉXÉM,ê∂óßñÿ,,,,,,,467.1,43.37,-11.76,2.71,223,0,0,0,0,0,0,0,0,12,-
Åõ,264,13.1,12,1.6,0,0.0122,0.0103,5.93,5,ÉXÉM,ê∂óßñÿ,,,,,,,41.1,45.36,-10.56,3.03,224,0,0,0,0,0,0,0,0,2.7,-
Åõ,265,36.6,36,21.4,0,1.0474,1.0171,505.7,491.05,ÉXÉM,ê∂óßñÿ,,,,,,,114.9,44.03,-10.18,3,245,0,0,0,0,0,0,0,0,5.1,-
Åõ,266,9.4,8,1.8,0,0.0085,0.0062,4.11,3.01,ÉXÉM,ê∂óßñÿ,,,,,,,29.5,45.6,-9.24,3.17,225,0,0,0,0,0,0,0,0,2.2,-
Åõ,267,11.9,10,5.4,0,0.0334,0.0255,16.13,12.32,ÉXÉM,ê∂óßñÿ,,,,,,,37.3,44.32,-8.08,3.29,198,0,0,0,0,0,0,0,0,2.6,-
Åõ,268,29.1,28,1.6,0,0.0416,0.0388,20.09,18.76,ÉXÉM,ê∂óßñÿ,,,,,,,91.4,45.47,-0.83,2.72,298,0,0,0,0,0,0,0,0,4.5,-
Åõ,269,114.5,114,20.8,0,6.7119,6.6646,3240.37,3217.53,ÉXÉM,ê∂óßñÿ,,,,,,,359.7,44.36,3.5,3.25,133,0,0,0,0,0,0,0,0,10.3,-
Åõ,270,40.6,40,19.1,0,1.1132,1.0841,537.45,523.4,ÉXÉM,ê∂óßñÿ,,,,,,,127.5,45.47,7.04,2.87,136,0,0,0,0,0,0,0,0,5.5,-
Åõ,271,71.4,70,15.9,0,2.3744,2.2996,1146.3,1110.2,ÉXÉM,ê∂óßñÿ,,,,,,,224.3,44.15,10.81,2.45,137,0,0,0,0,0,0,0,0,7.7,-
Åõ,272,32.8,32,10,0,0.3771,0.3609,182.06,174.24,ÉXÉM,ê∂óßñÿ,,,,,,,103,44.65,14.14,2.43,171,0,0,0,0,0,0,0,0,4.8,-
Åõ,273,17.5,16,5.3,0,0.0691,0.0581,33.39,28.08,ÉXÉM,ê∂óßñÿ,,,,,,,54.9,40.88,11.59,2.18,172,0,0,0,0,0,0,0,0,3.3,-
Åõ,274,96.7,96,20.6,0,5.0576,4.9986,2441.71,2413.21,ÉXÉM,ê∂óßñÿ,,,,,,,303.7,41.99,3.65,2.89,134,0,0,0,0,0,0,0,0,9.3,-
Åõ,275,79.6,78,20.8,0,3.7297,3.6093,1800.61,1742.48,ÉXÉM,ê∂óßñÿ,,,,,,,250,39.7,3.5,2.7,135,0,0,0,0,0,0,0,0,8.2,-
Åõ,276,15.8,14,7.7,0,0.0817,0.0646,39.45,31.22,ÉXÉM,ê∂óßñÿ,,,,,,,49.6,41.76,-3.68,2.35,239,0,0,0,0,0,0,0,0,3.1,-
Åõ,277,68,68,26.7,0,3.7367,3.7367,1804.02,1804.02,ÉXÉM,ê∂óßñÿ,,,,,,,213.6,41.44,-3.67,2.39,132,0,0,0,0,0,0,0,0,7.5,-
Åõ,278,23.4,22,1.7,0,0.0301,0.027,14.56,13.05,ÉXÉM,ê∂óßñÿ,,,,,,,73.5,39.59,-3.7,2.18,167,0,0,0,0,0,0,0,0,3.9,-
Åõ,279,82.4,82,25.7,0,4.901,4.8626,2366.09,2347.56,ÉXÉM,ê∂óßñÿ,,,,,,,258.8,41.74,-7.14,2.62,131,0,0,0,0,0,0,0,0,8.4,-
Åõ,280,7.1,6,1.2,0,0.0034,0.0024,1.66,1.2,ÉXÉM,ê∂óßñÿ,,,,,,,22.3,39.38,-7.43,2.27,216,0,0,0,0,0,0,0,0,1.9,-
Åõ,281,9,8,2.3,0,0.0097,0.0077,4.7,3.74,ÉXÉM,ê∂óßñÿ,,,,,,,28.2,41.16,-8.41,3.17,222,0,0,0,0,0,0,0,0,2.2,-
Åõ,282,9.3,8,2.2,0,0.0099,0.0074,4.81,3.6,ÉXÉM,ê∂óßñÿ,,,,,,,29.2,40.45,-8.7,2.95,218,0,0,0,0,0,0,0,0,2.2,-
Åõ,283,11.7,10,4.3,0,0.0258,0.0208,12.5,10.06,ÉXÉM,ê∂óßñÿ,,,,,,,36.7,39.17,-9.1,2.74,197,0,0,0,0,0,0,0,0,2.6,-
Åõ,284,90.1,90,19.8,0,4.3317,4.324,2091.27,2087.52,ÉXÉM,ê∂óßñÿ,,,,,,,283,40.67,-10.28,2.74,217,0,0,0,0,0,0,0,0,8.9,-
Åõ,285,14.2,14,8,0,0.0689,0.0671,33.3,32.4,ÉXÉM,ê∂óßñÿ,,,,,,,44.6,39.03,-10.84,2.56,196,0,0,0,0,0,0,0,0,2.9,-
Åõ,286,13.5,12,3.5,0,0.0279,0.0222,13.49,10.74,ÉXÉM,ê∂óßñÿ,,,,,,,42.4,41.51,-10.96,2.75,221,0,0,0,0,0,0,0,0,2.8,-
Åõ,287,9.7,8,5.2,0,0.0232,0.016,11.23,7.74,ÉXÉM,ê∂óßñÿ,,,,,,,30.4,40.97,-11.86,2.63,219,0,0,0,0,0,0,0,0,2.3,-
Åõ,288,9.2,8,4.4,0,0.0181,0.0138,8.74,6.67,ÉXÉM,ê∂óßñÿ,,,,,,,28.9,41.32,-12.37,2.55,220,0,0,0,0,0,0,0,0,2.2,-
Åõ,289,11.4,10,6.4,0,0.0362,0.0297,17.52,14.34,ÉXÉM,ê∂óßñÿ,,,,,,,35.8,38.47,9.22,1.88,173,0,0,0,0,0,0,0,0,2.5,-
Åõ,290,21.3,20,3.1,0,0.049,0.053,23.66,25.63,ÉXÉM,ê∂óßñÿ,,,,,,,66.9,36.76,16.38,2.25,209,0,0,0,0,0,0,0,0,3.7,-
Åõ,291,21.2,20,3.6,0,0.0571,0.0614,27.61,29.65,ÉXÉM,ê∂óßñÿ,,,,,,,66.6,36.14,15.09,1.58,143,0,0,0,0,0,0,0,0,3.7,-
Åõ,292,46.5,46,7.5,0,0.5488,0.5393,264.95,260.36,ÉXÉM,ê∂óßñÿ,,,,,,,146,37.43,12.97,1.73,141,0,0,0,0,0,0,0,0,5.9,-
Åõ,293,15,14,3.6,0,0.0352,0.0308,17,14.87,ÉXÉM,ê∂óßñÿ,,,,,,,47.1,37.66,11.98,1.85,139,0,0,0,0,0,0,0,0,3,-
Åõ,294,14.2,14,5.1,0,0.0444,0.0432,21.47,20.89,ÉXÉM,ê∂óßñÿ,,,,,,,44.6,35.81,11.29,1.64,140,0,0,0,0,0,0,0,0,2.9,-
Åõ,295,17.9,16,9.3,0,0.125,0.1006,60.36,48.59,ÉXÉM,ê∂óßñÿ,,,,,,,56.2,35.86,7.05,1.79,95,0,0,0,0,0,0,0,0,3.3,-
Åõ,296,68.9,68,20.7,0,2.939,2.8772,1418.89,1389.05,ÉXÉM,ê∂óßñÿ,,,,,,,216.4,38.5,3.5,2.49,94,0,0,0,0,0,0,0,0,7.5,-
Åõ,297,25.6,24,1.6,0,0.0331,0.0295,15.99,14.26,ÉXÉM,ê∂óßñÿ,,,,,,,80.4,36.33,-0.45,2.01,272,0,0,0,0,0,0,0,0,4.1,-
Åõ,298,86.8,86,23.5,0,4.8628,4.7905,2347.64,2312.77,ÉXÉM,ê∂óßñÿ,,,,,,,272.6,37.79,-3.64,2.1,166,0,0,0,0,0,0,0,0,8.7,-
Åõ,299,11.9,10,4.8,0,0.0297,0.0229,14.38,11.1,ÉXÉM,ê∂óßñÿ,,,,,,,37.3,37.16,-11.15,2.36,240,0,0,0,0,0,0,0,0,2.6,-
Åõ,300,14.8,14,5.2,0,0.0491,0.0441,23.7,21.29,ÉXÉM,ê∂óßñÿ,,,,,,,46.4,37.51,-14.31,2.59,241,0,0,0,0,0,0,0,0,2.9,-
Åõ,301,53.6,52,16.6,0,1.5613,1.4867,753.79,717.76,ÉXÉM,ê∂óßñÿ,,,,,,,168.3,33.53,-14.38,1.75,189,0,0,0,0,0,0,0,0,6.5,-
Åõ,302,17,16,6.9,0,0.0845,0.0752,40.83,36.32,ÉXÉM,ê∂óßñÿ,,,,,,,53.4,33.7,-13.36,1.76,191,0,0,0,0,0,0,0,0,3.2,-
Åõ,303,22,22,4.7,0,0.0816,0.0816,39.4,39.4,ÉXÉM,ê∂óßñÿ,,,,,,,69.1,32.23,-10.66,1.99,190,0,0,0,0,0,0,0,0,3.8,-
Åõ,304,9.8,8,2.8,0,0.0136,0.0092,6.6,4.46,ÉXÉM,ê∂óßñÿ,,,,,,,30.7,33.71,-10.21,2.06,194,0,0,0,0,0,0,0,0,2.3,-
Åõ,305,32.8,32,21.5,0,0.8663,0.8291,418.25,400.29,ÉXÉM,ê∂óßñÿ,,,,,,,103,35.02,-9.43,2.47,130,0,0,0,0,0,0,0,0,4.8,-
Åõ,306,28,28,5.5,0,0.1486,0.1486,71.76,71.76,ÉXÉM,ê∂óßñÿ,,,,,,,87.9,33.61,-9.17,2.17,165,0,0,0,0,0,0,0,0,4.4,-
Åõ,307,96.5,96,24.7,0,6.0737,6.0229,2932.23,2907.71,ÉXÉM,ê∂óßñÿ,,,,,,,303.1,33.77,-3.14,1.8,93,0,0,0,0,0,0,0,0,9.3,-
Åõ,308,25.1,24,9.6,0,0.2241,0.207,108.22,99.93,ÉXÉM,ê∂óßñÿ,,,,,,,78.8,33.25,6.45,1.49,174,0,0,0,0,0,0,0,0,4.1,-
Åõ,309,6,6,1.8,0,0.0035,0.0035,1.72,1.72,ÉXÉM,ê∂óßñÿ,,,,,,,18.8,32.51,6.35,1.51,210,0,0,0,0,0,0,0,0,1.7,-
Åõ,310,26.2,26,12.7,0,0.3279,0.3234,158.31,156.17,ÉXÉM,ê∂óßñÿ,,,,,,,82.3,32.64,6.93,1.36,138,0,0,0,0,0,0,0,0,4.2,-
Åõ,311,60.3,60,22.5,0,2.5811,2.5604,1246.12,1236.11,ÉXÉM,ê∂óßñÿ,,,,,,,189.4,32.81,11.98,1.33,175,0,0,0,0,0,0,0,0,6.9,-
Åõ,312,15.8,14,14.2,0,0.1484,0.1174,71.64,56.7,ÉXÉM,ê∂óßñÿ,,,,,,,49.6,30,11.84,1.25,100,0,0,0,0,0,0,0,0,3.1,-
Åõ,313,65,64,21.8,0,2.8209,2.7511,1361.89,1328.19,ÉXÉM,ê∂óßñÿ,,,,,,,204.2,31.51,8.56,1.2,96,0,0,0,0,0,0,0,0,7.3,-
Åõ,314,57.5,56,20.8,0,2.2049,2.1127,1064.5,1019.99,ÉXÉM,ê∂óßñÿ,,,,,,,180.6,29.29,8.64,1.12,177,0,0,0,0,0,0,0,0,6.7,-
Åõ,315,51.5,50,21.2,0,1.8817,1.7939,908.43,866.06,ÉXÉM,ê∂óßñÿ,,,,,,,161.7,29.95,4.36,1.76,62,0,0,0,0,0,0,0,0,6.3,-
Åõ,316,27.1,26,1.4,0,0.0317,0.0294,15.31,14.22,ÉXÉM,ê∂óßñÿ,,,,,,,85.1,29.96,-3.04,1.38,238,0,0,0,0,0,0,0,0,4.3,-
Åõ,317,57,56,25.1,0,2.6368,2.5624,1273,1237.1,ÉXÉM,ê∂óßñÿ,,,,,,,179,31.48,-3.52,1.43,92,0,0,0,0,0,0,0,0,6.7,-
Åõ,318,38,38,20.1,0,1.046,1.046,505.02,505.02,ÉXÉM,ê∂óßñÿ,,,,,,,119.3,31.04,-9.83,1.82,129,0,0,0,0,0,0,0,0,5.2,-
Åõ,319,13,12,5.4,0,0.0396,0.0339,19.14,16.39,ÉXÉM,ê∂óßñÿ,,,,,,,40.8,31.61,-11.5,1.66,164,0,0,0,0,0,0,0,0,2.7,-
Åõ,320,38.6,38,17.5,0,0.9253,0.8999,446.72,434.45,ÉXÉM,ê∂óßñÿ,,,,,,,121.2,31.57,-12.88,1.69,163,0,0,0,0,0,0,0,0,5.3,-
Åõ,321,18.8,18,2.8,0,0.0426,0.0392,20.59,18.93,ÉXÉM,ê∂óßñÿ,,,,,,,59,31.79,-13.92,1.78,162,0,0,0,0,0,0,0,0,3.4,-
Åõ,322,14.5,14,2,0,0.0185,0.0173,8.97,8.38,ÉXÉM,ê∂óßñÿ,,,,,,,45.5,29.47,-14.05,1.6,126,0,0,0,0,0,0,0,0,2.9,-
Åõ,323,19.5,18,2.6,0,0.0425,0.0364,20.56,17.61,ÉXÉM,ê∂óßñÿ,,,,,,,61.2,30.12,-14.3,1.57,186,0,0,0,0,0,0,0,0,3.5,-
Åõ,324,34.5,34,19.1,0,0.8334,0.812,402.35,392.04,ÉXÉM,ê∂óßñÿ,,,,,,,108.3,28.36,-13.98,1.44,124,0,0,0,0,0,0,0,0,4.9,-
Åõ,325,23.3,22,7.2,0,0.1436,0.1297,69.36,62.63,ÉXÉM,ê∂óßñÿ,,,,,,,73.1,28.68,-11.41,1.34,127,0,0,0,0,0,0,0,0,3.9,-
Åõ,326,13.3,12,5,0,0.0384,0.0315,18.55,15.21,ÉXÉM,ê∂óßñÿ,,,,,,,41.7,27.85,-8.42,1.51,161,0,0,0,0,0,0,0,0,2.8,-
Åõ,327,72,72,20.9,0,3.187,3.187,1538.6,1538.6,ÉXÉM,ê∂óßñÿ,,,,,,,226.1,26.49,-8.49,1.22,159,0,0,0,0,0,0,0,0,7.7,-
Åõ,328,41.4,40,24,0,1.5019,1.3895,725.11,670.81,ÉXÉM,ê∂óßñÿ,,,,,,,130,27.37,-3.13,1.1,91,0,0,0,0,0,0,0,0,5.5,-
Åõ,329,79.6,78,23.1,0,4.1538,4.0197,2005.38,1940.64,ÉXÉM,ê∂óßñÿ,,,,,,,250,26.63,4.32,1.49,63,0,0,0,0,0,0,0,0,8.2,-
Åõ,330,19.6,18,6.2,0,0.1003,0.0851,48.45,41.09,ÉXÉM,ê∂óßñÿ,,,,,,,61.5,28.65,15.7,1.21,178,0,0,0,0,0,0,0,0,3.5,-
Åõ,331,77.2,76,7.9,0,1.3134,1.2806,634.09,618.24,ÉXÉM,ê∂óßñÿ,,,,,,,242.5,22.93,15.97,0.76,103,0,0,0,0,0,0,0,0,8.1,-
Åõ,332,87.2,86,22.6,0,4.7064,4.6022,2272.17,2221.85,ÉXÉM,ê∂óßñÿ,,,,,,,273.9,24.91,13.38,1.07,67,0,0,0,0,0,0,0,0,8.7,-
Åõ,333,28.9,28,3.1,0,0.0843,0.0797,40.71,38.49,ÉXÉM,ê∂óßñÿ,,,,,,,90.7,22.94,5.2,1.2,99,0,0,0,0,0,0,0,0,4.4,-
Åõ,334,119.8,118,23.5,0,8.1854,7.9876,3951.73,3856.22,ÉXÉM,ê∂óßñÿ,,,,,,,376.3,23.81,4.75,1.28,97,0,0,0,0,0,0,0,0,10.6,-
Åõ,335,46.3,46,23.4,0,1.7533,1.735,846.49,837.64,ÉXÉM,ê∂óßñÿ,,,,,,,145.4,25.56,4.39,1.35,64,0,0,0,0,0,0,0,0,5.9,-
Åõ,336,117.8,116,21.4,0,7.2356,7.0577,3493.18,3407.32,ÉXÉM,ê∂óßñÿ,,,,,,,370,23.08,4.42,1.21,98,0,0,0,0,0,0,0,0,10.5,-
Åõ,337,48.2,48,1.5,0,0.1113,0.1106,53.77,53.41,ÉXÉM,ê∂óßñÿ,,,,,,,151.4,23.09,-2.46,0.48,212,0,0,0,0,0,0,0,0,6.1,-
Åõ,338,13.7,12,7,0,0.0565,0.0437,27.28,21.11,ÉXÉM,ê∂óßñÿ,,,,,,,43,24.74,-8.36,1.38,125,0,0,0,0,0,0,0,0,2.8,-
Åõ,339,32.1,32,19.7,0,0.7581,0.754,366.03,364.01,ÉXÉM,ê∂óßñÿ,,,,,,,100.8,23.23,-8.32,1.07,122,0,0,0,0,0,0,0,0,4.7,-
Åõ,340,11.4,10,3,0,0.0173,0.0151,8.37,7.3,ÉXÉM,ê∂óßñÿ,,,,,,,35.8,23.2,-9.5,1.3,153,0,0,0,0,0,0,0,0,2.5,-
Åõ,341,25.5,24,5.8,0,0.1333,0.1197,64.38,57.8,ÉXÉM,ê∂óßñÿ,,,,,,,80.1,24.41,-9.6,1.24,123,0,0,0,0,0,0,0,0,4.1,-
Åõ,342,33.1,32,9,0,0.3418,0.3218,165.02,155.39,ÉXÉM,ê∂óßñÿ,,,,,,,103.9,23.09,-9.95,1.25,154,0,0,0,0,0,0,0,0,4.8,-
Åõ,343,38.3,38,6.1,0,0.2903,0.2863,140.18,138.23,ÉXÉM,ê∂óßñÿ,,,,,,,120.3,25.38,-11.32,1.16,181,0,0,0,0,0,0,0,0,5.3,-
Åõ,344,70.9,70,18.7,0,2.7731,2.7164,1338.79,1311.43,ÉXÉM,ê∂óßñÿ,,,,,,,222.7,25.09,-12.64,1.26,155,0,0,0,0,0,0,0,0,7.7,-
Åõ,345,42.9,42,4.1,0,0.2591,0.2503,125.09,120.88,ÉXÉM,ê∂óßñÿ,,,,,,,134.7,24.77,-15.13,1.26,182,0,0,0,0,0,0,0,0,5.6,-
Åõ,346,16.8,16,3.5,0,0.0426,0.0388,20.59,18.73,ÉXÉM,ê∂óßñÿ,,,,,,,52.7,21.22,-8.3,1.03,121,0,0,0,0,0,0,0,0,3.2,-
Åõ,347,28.7,28,18,0,0.5632,0.539,271.94,260.26,ÉXÉM,ê∂óßñÿ,,,,,,,90.1,19.05,-8.22,0.7,119,0,0,0,0,0,0,0,0,4.4,-
Åõ,348,38.5,38,18.2,0,0.9611,0.939,464.03,453.37,ÉXÉM,ê∂óßñÿ,,,,,,,120.9,19.53,-7.73,0.65,150,0,0,0,0,0,0,0,0,5.3,-
Åõ,349,52,52,19.8,0,1.7818,1.7818,860.21,860.21,ÉXÉM,ê∂óßñÿ,,,,,,,163.3,21.94,-7.47,1.01,151,0,0,0,0,0,0,0,0,6.3,-
Åõ,350,24,24,16,0,0.3606,0.3606,174.09,174.09,ÉXÉM,ê∂óßñÿ,,,,,,,75.3,20.99,-7.54,0.83,120,0,0,0,0,0,0,0,0,4,-
Åõ,351,46.2,46,19,0,1.4107,1.4009,681.09,676.33,ÉXÉM,ê∂óßñÿ,,,,,,,145.1,20.04,-7.31,0.81,88,0,0,0,0,0,0,0,0,5.9,-
Åõ,352,62.8,62,23.2,0,2.8444,2.786,1373.21,1345.05,ÉXÉM,ê∂óßñÿ,,,,,,,197.2,21.32,-3.68,0.39,128,0,0,0,0,0,0,0,0,7.1,-
Åõ,353,55.3,54,20.1,0,1.9987,1.9233,964.93,928.54,ÉXÉM,ê∂óßñÿ,,,,,,,173.7,21.55,5.8,1.08,101,0,0,0,0,0,0,0,0,6.6,-
Åõ,354,16.9,16,5.8,0,0.0706,0.0635,34.08,30.66,ÉXÉM,ê∂óßñÿ,,,,,,,53,21.7,6.56,0.85,145,0,0,0,0,0,0,0,0,3.2,-
Åõ,355,68.4,68,18.6,0,2.6024,2.5778,1256.39,1244.54,ÉXÉM,ê∂óßñÿ,,,,,,,214.8,20.01,12.63,0.96,105,0,0,0,0,0,0,0,0,7.5,-
Åõ,356,38,38,8.8,0,0.4263,0.4263,205.84,205.84,ÉXÉM,ê∂óßñÿ,,,,,,,119.3,20.58,14.16,0.67,211,0,0,0,0,0,0,0,0,5.2,-
Åõ,357,36,36,16.3,0,0.7567,0.7567,365.31,365.31,ÉXÉM,ê∂óßñÿ,,,,,,,113,19.92,14.11,0.61,68,0,0,0,0,0,0,0,0,5.1,-
Åõ,358,21.3,20,1.5,0,0.0222,0.0261,10.75,12.62,ÉXÉM,ê∂óßñÿ,,,,,,,66.9,17.8,8.66,1.32,110,0,0,0,0,0,0,0,0,3.7,-
Åõ,359,19,18,1.2,0,0.019,0.0171,9.2,8.28,ÉXÉM,ê∂óßñÿ,,,,,,,59.6,18.45,8.37,-0.09,109,0,0,0,0,0,0,0,0,3.4,-
Åõ,360,24,24,1.3,0,0.0235,0.0235,11.38,11.38,ÉXÉM,ê∂óßñÿ,,,,,,,75.3,18.52,7.92,-0.1,106,0,0,0,0,0,0,0,0,4,-
Åõ,361,34.3,34,1.3,0,0.0444,0.0437,21.47,21.14,ÉXÉM,ê∂óßñÿ,,,,,,,107.7,16.29,7.91,-0.06,113,0,0,0,0,0,0,0,0,4.9,-
Åõ,362,13.3,12,1.8,0,0.0141,0.0116,6.85,5.61,ÉXÉM,ê∂óßñÿ,,,,,,,41.7,17.19,6.94,-0.14,112,0,0,0,0,0,0,0,0,2.8,-
Åõ,363,43.5,42,19.6,0,1.3214,1.2486,637.97,602.8,ÉXÉM,ê∂óßñÿ,,,,,,,136.6,18.78,-2.51,0.1,179,0,0,0,0,0,0,0,0,5.7,-
Åõ,364,60.1,60,18.4,0,2.0881,2.0825,1008.11,1005.4,ÉXÉM,ê∂óßñÿ,,,,,,,188.8,17.4,-7.15,0.65,56,0,0,0,0,0,0,0,0,6.9,-
Åõ,365,54.3,54,18.2,0,1.7525,1.7368,846.06,838.52,ÉXÉM,ê∂óßñÿ,,,,,,,170.5,15.9,-8.05,0.21,54,0,0,0,0,0,0,0,0,6.5,-
Åõ,366,67.2,66,4.2,0,0.5486,0.5328,264.85,257.25,ÉXÉM,ê∂óßñÿ,,,,,,,211.1,17.83,-14.18,0.39,85,0,0,0,0,0,0,0,0,7.4,-
Åõ,367,28.9,28,1.8,0,0.0467,0.0441,22.55,21.32,ÉXÉM,ê∂óßñÿ,,,,,,,90.7,13.75,-12.07,-0.25,50,0,0,0,0,0,0,0,0,4.4,-
Åõ,368,12.4,12,4.3,0,0.0289,0.0271,13.99,13.13,ÉXÉM,ê∂óßñÿ,,,,,,,38.9,12.68,-6.36,-0.46,117,0,0,0,0,0,0,0,0,2.6,-
Åõ,369,60.4,60,17.5,0,1.9993,1.978,965.24,954.93,ÉXÉM,ê∂óßñÿ,,,,,,,189.7,12.76,-5.46,-0.35,86,0,0,0,0,0,0,0,0,7,-
Åõ,370,80.3,80,16.3,0,2.945,2.9272,1421.78,1413.2,ÉXÉM,ê∂óßñÿ,,,,,,,252.2,12.77,-4.36,-0.42,55,0,0,0,0,0,0,0,0,8.3,-
Åõ,371,34.5,34,19.4,0,0.8476,0.8259,409.22,398.74,ÉXÉM,ê∂óßñÿ,,,,,,,108.3,12.83,-3.09,-0.43,58,0,0,0,0,0,0,0,0,4.9,-
Åõ,372,32.7,32,19.5,0,0.7749,0.7456,374.12,360,ÉXÉM,ê∂óßñÿ,,,,,,,102.7,12.54,-2.22,-0.38,115,0,0,0,0,0,0,0,0,4.8,-
Åõ,373,38.8,38,20.7,0,1.1208,1.08,541.1,521.42,ÉXÉM,ê∂óßñÿ,,,,,,,121.8,13.93,-1.35,-0.33,90,0,0,0,0,0,0,0,0,5.3,-
Åõ,374,54.7,54,19.5,0,1.9036,1.8644,919.02,900.09,ÉXÉM,ê∂óßñÿ,,,,,,,171.8,12.7,-1.22,-0.34,61,0,0,0,0,0,0,0,0,6.5,-
Åõ,375,30.8,30,4.3,0,0.1347,0.1286,65.07,62.09,ÉXÉM,ê∂óßñÿ,,,,,,,96.7,15.18,-1.09,-0.37,149,0,0,0,0,0,0,0,0,4.6,-
Åõ,376,44.6,44,17.9,0,1.2534,1.2263,605.15,592.05,ÉXÉM,ê∂óßñÿ,,,,,,,140.1,12.58,1.65,-0.29,1,0,0,0,0,0,0,0,0,5.8,-
Åõ,377,45.4,44,18.4,0,1.327,1.2615,640.66,609.04,ÉXÉM,ê∂óßñÿ,,,,,,,142.6,13.87,1.99,-0.29,65,0,0,0,0,0,0,0,0,5.8,-
Åõ,378,31.4,30,17.2,0,0.629,0.58,303.71,280.05,ÉXÉM,ê∂óßñÿ,,,,,,,98.6,12.4,2.63,-0.29,114,0,0,0,0,0,0,0,0,4.7,-
Åõ,379,95,94,17.8,0,4.23,4.1583,2042.15,2007.52,ÉXÉM,ê∂óßñÿ,,,,,,,298.4,12.83,4.3,-0.35,4,0,0,0,0,0,0,0,0,9.2,-
Åõ,380,35.8,34,2.8,0,0.1105,0.1008,53.34,48.67,ÉXÉM,ê∂óßñÿ,,,,,,,112.4,12.57,4.84,-0.43,5,0,0,0,0,0,0,0,0,5.1,-
Åõ,381,72.1,72,10.6,0,1.5906,1.587,767.9,766.18,ÉXÉM,ê∂óßñÿ,,,,,,,226.5,12.29,5.84,-0.38,8,0,0,0,0,0,0,0,0,7.7,-
Åõ,382,61.1,60,14,0,1.6197,1.5729,781.98,759.36,ÉXÉM,ê∂óßñÿ,,,,,,,191.9,12.17,3.79,-0.35,148,0,0,0,0,0,0,0,0,7,-
Åõ,383,69.5,68,17.8,0,2.5525,2.464,1232.29,1189.6,ÉXÉM,ê∂óßñÿ,,,,,,,218.3,12.05,2.63,-0.26,3,0,0,0,0,0,0,0,0,7.6,-
Åõ,384,31.2,30,16.9,0,0.6102,0.5691,294.59,274.74,ÉXÉM,ê∂óßñÿ,,,,,,,98,11.86,2.16,-0.29,2,0,0,0,0,0,0,0,0,4.6,-
Åõ,385,24.2,24,3.5,0,0.0701,0.0691,33.88,33.38,ÉXÉM,ê∂óßñÿ,,,,,,,76,11.33,-1.48,-0.29,60,0,0,0,0,0,0,0,0,4,-
Åõ,386,49.6,48,11.8,0,0.9701,0.9201,468.37,444.2,ÉXÉM,ê∂óßñÿ,,,,,,,155.8,11.97,-2.24,-0.39,59,0,0,0,0,0,0,0,0,6.2,-
Åõ,387,36.9,36,14.9,0,0.7171,0.6863,346.22,331.35,ÉXÉM,ê∂óßñÿ,,,,,,,115.9,10.36,-6,-0.44,53,0,0,0,0,0,0,0,0,5.1,-
Åõ,388,20.3,20,1.9,0,0.0339,0.0329,16.36,15.9,ÉXÉM,ê∂óßñÿ,,,,,,,63.7,11.91,-10.11,-0.16,49,0,0,0,0,0,0,0,0,3.6,-
Åõ,389,76.1,76,14,0,2.3096,2.3047,1115.02,1112.66,ÉXÉM,ê∂óßñÿ,,,,,,,239,11.57,-11.17,-0.27,48,0,0,0,0,0,0,0,0,8,-
Åõ,390,51.3,50,15.5,0,1.3556,1.3005,654.47,627.87,ÉXÉM,ê∂óßñÿ,,,,,,,161.1,10.86,-11.17,-0.21,47,0,0,0,0,0,0,0,0,6.3,-
Åõ,391,112.3,112,18.6,0,5.7992,5.7742,2799.74,2787.66,ÉXÉM,ê∂óßñÿ,,,,,,,352.8,11.33,-11.91,-0.21,83,0,0,0,0,0,0,0,0,10.2,-
Åõ,392,18.8,18,1.7,0,0.0262,0.0241,12.65,11.63,ÉXÉM,ê∂óßñÿ,,,,,,,59,12.12,-12.39,-0.31,84,0,0,0,0,0,0,0,0,3.4,-
Åõ,393,77.7,76,20.3,0,3.4983,3.3755,1688.92,1629.61,ÉXÉM,ê∂óßñÿ,,,,,,,244.1,8.61,-11.41,-0.48,45,0,0,0,0,0,0,0,0,8.1,-
Åõ,394,8,8,1.5,0,0.0053,0.0053,2.56,2.56,ÉXÉM,ê∂óßñÿ,,,,,,,25.1,6.98,4.6,-0.43,10,0,0,0,0,0,0,0,0,2,-
Åõ,395,20.7,20,7.5,0,0.1342,0.1256,64.83,60.65,ÉXÉM,ê∂óßñÿ,,,,,,,65,6.75,5.12,-0.27,11,0,0,0,0,0,0,0,0,3.6,-
Åõ,396,16.8,16,6,0,0.0721,0.0656,34.83,31.69,ÉXÉM,ê∂óßñÿ,,,,,,,52.7,7.98,14.44,-0.85,13,0,0,0,0,0,0,0,0,3.2,-
Åõ,397,22,22,7.8,0,0.1415,0.1415,68.32,68.32,ÉXÉM,ê∂óßñÿ,,,,,,,69.1,5,13.92,-1.23,14,0,0,0,0,0,0,0,0,3.8,-
Åõ,398,22,22,10.1,0,0.1873,0.1873,90.46,90.46,ÉXÉM,ê∂óßñÿ,,,,,,,69.1,3.15,13.5,-1.29,15,0,0,0,0,0,0,0,0,3.8,-
Åõ,399,45.2,44,12.5,0,0.8858,0.8481,427.65,409.46,ÉXÉM,ê∂óßñÿ,,,,,,,141.9,3.79,2.01,-1.41,7,0,0,0,0,0,0,0,0,5.8,-
Åõ,400,52.1,52,10.2,0,0.9044,0.9016,436.63,435.28,ÉXÉM,ê∂óßñÿ,,,,,,,163.6,3.79,-1.9,-1.46,79,0,0,0,0,0,0,0,0,6.4,-
Åõ,401,86.8,86,19.8,0,4.0782,4.0177,1968.89,1939.64,ÉXÉM,ê∂óßñÿ,,,,,,,272.6,2.63,-12.71,-1.13,42,0,0,0,0,0,0,0,0,8.7,-
Åõ,402,21.8,20,1.9,0,0.03,0.0329,14.49,15.9,ÉXÉM,ê∂óßñÿ,,,,,,,68.4,2.29,-13.12,-1.25,41,0,0,0,0,0,0,0,0,3.7,-
Åõ,403,51.1,50,2.6,0,0.2153,0.2079,103.96,100.36,ÉXÉM,ê∂óßñÿ,,,,,,,160.5,-0.44,-3.84,-1.85,81,0,0,0,0,0,0,0,0,6.3,-
Åõ,404,57.5,56,2.7,0,0.2708,0.2595,130.77,125.3,ÉXÉM,ê∂óßñÿ,,,,,,,180.6,-0.64,-3.29,-1.9,78,0,0,0,0,0,0,0,0,6.7,-
Åõ,405,30,30,1.3,0,0.035,0.035,16.92,16.92,ÉXÉM,ê∂óßñÿ,,,,,,,94.2,1.12,-2.84,-1.82,80,0,0,0,0,0,0,0,0,4.5,-
Åõ,406,22.8,22,2.5,0,0.0437,0.0411,21.14,19.84,ÉXÉM,ê∂óßñÿ,,,,,,,71.6,-0.92,-2.76,-1.84,77,0,0,0,0,0,0,0,0,3.8,-
Åõ,407,77.8,76,17.8,0,3.063,2.9493,1478.76,1423.86,ÉXÉM,ê∂óßñÿ,,,,,,,244.4,-2.52,8.37,-1.67,19,0,0,0,0,0,0,0,0,8.1,-
Åõ,408,80,80,15,0,2.6877,2.6877,1297.58,1297.58,ÉXÉM,ê∂óßñÿ,,,,,,,251.3,-3.73,4.75,-1.63,21,0,0,0,0,0,0,0,0,8.3,-
Åõ,409,45.7,44,8.4,0,0.5994,0.5638,289.42,272.22,ÉXÉM,ê∂óßñÿ,,,,,,,143.5,-8.49,-3.32,-2.56,35,0,0,0,0,0,0,0,0,5.9,-
Åõ,410,32.7,32,12.3,0,0.4696,0.4519,226.75,218.19,ÉXÉM,ê∂óßñÿ,,,,,,,102.7,-8.84,7.05,-2.34,26,0,0,0,0,0,0,0,0,4.8,-
Åõ,411,15.9,14,1.5,0,0.0167,0.0131,8.1,6.33,ÉXÉM,ê∂óßñÿ,,,,,,,49.9,-6.06,9.97,-2.34,75,0,0,0,0,0,0,0,0,3.1,-
Åõ,412,12,12,1.5,0,0.0097,0.0097,4.7,4.7,ÉXÉM,ê∂óßñÿ,,,,,,,37.6,-6.21,9.96,-2.21,20,0,0,0,0,0,0,0,0,2.6,-
Åõ,413,21.4,20,2.2,0,0.034,0.038,16.44,18.34,ÉXÉM,ê∂óßñÿ,,,,,,,67.2,-9.67,10.91,-2.74,24,0,0,0,0,0,0,0,0,3.7,-
Åõ,414,9.2,8,1.3,0,0.0061,0.0046,2.95,2.25,ÉXÉM,ê∂óßñÿ,,,,,,,28.9,-9.11,2.59,-2.58,31,0,0,0,0,0,0,0,0,2.2,-
,-1,11.3,10,4,0,0.0228,0.0195,11.04,9.43,ÉXÉM,ê∂óßñÿ,,,,,,,35.4,113.05,-17.36,9.87,549,0,0,0,0,0,0,0,0,2.5,-
,-1,19.3,18,2.9,0,0.0467,0.0405,22.58,19.59,ÉXÉM,ê∂óßñÿ,,,,,,,60.6,84.87,-16.93,7.16,336,0,0,0,0,0,0,0,0,3.5,-
,-1,20.9,20,5.4,0,0.0999,0.0912,48.27,44.03,ÉXÉM,ê∂óßñÿ,,,,,,,65.6,113.12,-16.49,10.08,505,0,0,0,0,0,0,0,0,3.6,-
,-1,25.4,24,4.8,0,0.1085,0.0974,52.39,47.05,ÉXÉM,ê∂óßñÿ,,,,,,,79.7,133.23,12.51,10.6,629,0,0,0,0,0,0,0,0,4.1,-
,-1,30.4,30,1.5,0,0.042,0.0409,20.29,19.77,ÉXÉM,ê∂óßñÿ,,,,,,,95.5,-10.98,-2.99,-2.89,33,0,0,0,0,0,0,0,0,4.6,-
,-1,45.8,44,6.6,0,0.4707,0.4401,227.28,212.5,ÉXÉM,ê∂óßñÿ,,,,,,,143.8,107.73,-17.37,9.42,546,0,0,0,0,0,0,0,0,5.9,-
,-1,58.1,58,18.3,0,1.97,1.9605,951.1,946.48,ÉXÉM,ê∂óßñÿ,,,,,,,182.5,-10.98,5.98,-2.72,29,0,0,0,0,0,0,0,0,6.8,-
,-1,70.3,70,11.5,0,1.6618,1.6487,802.29,795.99,ÉXÉM,ê∂óßñÿ,,,,,,,220.8,-12.96,4.77,-2.78,30,0,0,0,0,0,0,0,0,7.6,-
